time,open,high,low,close,volume
1773273600000,0.1604,0.1615,0.1591,0.1604,7904599.0
1773277200000,0.1604,0.1604,0.1585,0.1593,5907003.0
1773280800000,0.1593,0.16,0.1585,0.1591,6853919.0
1773284400000,0.1591,0.1599,0.1582,0.1588,3745489.0
1773288000000,0.1589,0.1598,0.1581,0.1583,3250539.0
1773291600000,0.1583,0.1586,0.1562,0.1581,5476698.0
1773295200000,0.1581,0.1584,0.157,0.1574,3931588.0
1773298800000,0.1574,0.158,0.1567,0.1577,5675702.0
1773302400000,0.1576,0.1591,0.1569,0.1583,7078141.0
1773306000000,0.1583,0.1602,0.1575,0.1587,4583982.0
1773309600000,0.1588,0.161,0.1587,0.1603,6009348.0
1773313200000,0.1602,0.1603,0.159,0.1599,4076534.0
1773316800000,0.1598,0.1607,0.1592,0.1598,3461924.0
1773320400000,0.1598,0.1628,0.1594,0.1606,9130214.0
1773324000000,0.1607,0.1615,0.1577,0.1587,7959321.0
1773327600000,0.1587,0.1609,0.1586,0.1602,5556988.0
1773331200000,0.1602,0.1621,0.1593,0.1613,5384148.0
1773334800000,0.1613,0.1622,0.1605,0.1618,4910270.0
1773338400000,0.1619,0.1629,0.1608,0.1619,8809118.0
1773342000000,0.162,0.1648,0.1612,0.1633,12375035.0
1773345600000,0.1633,0.1679,0.1629,0.1672,18411711.0
1773349200000,0.1672,0.1725,0.1662,0.1698,13988238.0
1773352800000,0.1698,0.1723,0.1689,0.1714,10452628.0
1773356400000,0.1715,0.1776,0.1712,0.177,23472629.0
1773360000000,0.177,0.1874,0.1754,0.1845,50547737.0
1773363600000,0.1845,0.1894,0.184,0.1865,40831382.0
1773367200000,0.1866,0.1876,0.1833,0.1847,28326775.0
1773370800000,0.1847,0.1899,0.1839,0.1886,26972423.0
1773374400000,0.1886,0.1912,0.1871,0.1882,30396483.0
1773378000000,0.1881,0.1944,0.1874,0.1907,37107920.0
1773381600000,0.1907,0.1922,0.1815,0.1821,46928247.0
1773385200000,0.182,0.1834,0.1775,0.1791,30944900.0
1773388800000,0.179,0.1825,0.1772,0.1802,20250434.0
1773392400000,0.1801,0.1834,0.1793,0.1821,13781748.0
1773396000000,0.1821,0.1845,0.182,0.1832,13256877.0
1773399600000,0.1832,0.1851,0.1801,0.1806,13690968.0
1773403200000,0.1807,0.1834,0.1797,0.1829,14330071.0
1773406800000,0.183,0.1845,0.1821,0.183,16647416.0
1773410400000,0.183,0.1837,0.1801,0.1811,15310152.0
1773414000000,0.1811,0.1817,0.1778,0.1791,17840475.0
1773417600000,0.1792,0.1794,0.1761,0.1771,18415739.0
1773421200000,0.1771,0.1771,0.1731,0.174,15975430.0
1773424800000,0.1739,0.1769,0.1738,0.1763,12039600.0
1773428400000,0.1763,0.1776,0.176,0.1771,5490694.0
1773432000000,0.1772,0.1777,0.1764,0.1771,5078348.0
1773435600000,0.1771,0.1794,0.1761,0.1774,8012964.0
1773439200000,0.1774,0.1778,0.1757,0.1771,6554336.0
1773442800000,0.177,0.1787,0.1766,0.178,5920846.0
1773446400000,0.178,0.1792,0.1764,0.1769,9553832.0
1773450000000,0.1769,0.1794,0.1765,0.1779,5985198.0
1773453600000,0.1779,0.1809,0.1777,0.1794,7719409.0
1773457200000,0.1795,0.183,0.1793,0.1821,6810091.0
1773460800000,0.1822,0.1845,0.1807,0.1818,9915871.0
1773464400000,0.1818,0.1826,0.1797,0.1815,6361732.0
1773468000000,0.1815,0.1818,0.1785,0.1801,9969805.0
1773471600000,0.1801,0.1807,0.1777,0.1781,5636837.0
1773475200000,0.1782,0.1789,0.1774,0.1787,4588915.0
1773478800000,0.1787,0.1794,0.1768,0.1771,4471343.0
1773482400000,0.1771,0.1773,0.1756,0.1762,4983008.0
1773486000000,0.1762,0.177,0.1744,0.1746,5493939.0
1773489600000,0.1746,0.1763,0.1745,0.1758,4701114.0
1773493200000,0.1759,0.1765,0.1751,0.1762,3395834.0
1773496800000,0.1761,0.177,0.1754,0.1755,5242627.0
1773500400000,0.1754,0.1759,0.1751,0.1755,2642778.0
1773504000000,0.1755,0.1766,0.1753,0.1761,3282054.0
1773507600000,0.1761,0.1763,0.174,0.1741,4896354.0
1773511200000,0.174,0.1741,0.1731,0.1734,4698955.0
1773514800000,0.1733,0.1747,0.1726,0.1738,4232276.0
1773518400000,0.1738,0.1748,0.1731,0.1744,3456833.0
1773522000000,0.1744,0.1756,0.174,0.1755,2599037.0
1773525600000,0.1756,0.1765,0.1748,0.1764,4036036.0
1773529200000,0.1763,0.1794,0.1763,0.1786,11025090.0
1773532800000,0.1786,0.1802,0.1777,0.1801,8601078.0
1773536400000,0.1801,0.1844,0.1801,0.1841,14374235.0
1773540000000,0.184,0.1919,0.184,0.1907,22051966.0
1773543600000,0.1907,0.1943,0.1876,0.1906,24329035.0
1773547200000,0.1906,0.1933,0.189,0.1912,13353335.0
1773550800000,0.1912,0.1912,0.1861,0.1869,10928257.0
1773554400000,0.1869,0.188,0.1848,0.1863,8004068.0
1773558000000,0.1864,0.1878,0.1851,0.1854,6818973.0
1773561600000,0.1855,0.1883,0.1844,0.1882,8773898.0
1773565200000,0.1881,0.192,0.1875,0.1917,14735778.0
1773568800000,0.1918,0.1919,0.1895,0.1908,11377369.0
1773572400000,0.1908,0.1913,0.1892,0.1907,7374217.0
1773576000000,0.1906,0.2004,0.1904,0.1958,46657266.0
1773579600000,0.1958,0.1989,0.192,0.1952,26045532.0
1773583200000,0.1952,0.1973,0.1922,0.1942,13898334.0
1773586800000,0.1942,0.1982,0.1916,0.1977,18441396.0
1773590400000,0.1976,0.2047,0.1969,0.1986,47873997.0
1773594000000,0.1986,0.2007,0.1963,0.1978,16769909.0
1773597600000,0.1977,0.2006,0.1965,0.1975,14511483.0
1773601200000,0.1976,0.2008,0.1967,0.2003,16413194.0
1773604800000,0.2003,0.2024,0.199,0.2012,13046729.0
1773608400000,0.2012,0.2026,0.1991,0.1999,9103581.0
1773612000000,0.1999,0.2006,0.1935,0.199,20822457.0
1773615600000,0.199,0.1998,0.1947,0.1965,12683548.0
1773619200000,0.1966,0.1985,0.1943,0.1954,11833562.0
1773622800000,0.1954,0.1973,0.1936,0.196,10540685.0
1773626400000,0.1959,0.1972,0.1941,0.1965,9274617.0
1773630000000,0.1964,0.2004,0.1957,0.1972,11296202.0
1773633600000,0.1972,0.2,0.1972,0.1994,8508684.0
1773637200000,0.1994,0.2042,0.199,0.2033,21416080.0
1773640800000,0.2032,0.2066,0.2015,0.2051,16109753.0
1773644400000,0.2051,0.212,0.2051,0.2073,32405618.0
1773648000000,0.2073,0.2137,0.2071,0.209,23125925.0
1773651600000,0.2091,0.2112,0.2053,0.2072,17700881.0
1773655200000,0.2073,0.2137,0.207,0.2131,16857493.0
1773658800000,0.2131,0.2197,0.2121,0.2182,38718692.0
1773662400000,0.2183,0.229,0.2178,0.2221,63190492.0
1773666000000,0.222,0.2281,0.2173,0.2262,36549691.0
1773669600000,0.2261,0.2291,0.219,0.2265,39405722.0
1773673200000,0.2266,0.2324,0.2244,0.2302,49704583.0
1773676800000,0.2303,0.2481,0.2292,0.2467,107378599.0
1773680400000,0.2466,0.2563,0.2432,0.2465,117574431.0
1773684000000,0.2465,0.2561,0.2383,0.2402,103324247.0
1773687600000,0.2401,0.2437,0.2338,0.2357,53605729.0
1773691200000,0.2357,0.2444,0.2351,0.2389,31820914.0
1773694800000,0.2389,0.2519,0.2376,0.2433,65934957.0
1773698400000,0.2433,0.2448,0.2395,0.2424,27389865.0
1773702000000,0.2424,0.2425,0.2369,0.2378,18928093.0
1773705600000,0.2378,0.2394,0.2311,0.2341,30927589.0
1773709200000,0.2342,0.2365,0.2309,0.2342,22331790.0
1773712800000,0.2342,0.2373,0.2328,0.2338,14146529.0
1773716400000,0.2337,0.2339,0.2283,0.2311,21526785.0
1773720000000,0.2311,0.2333,0.2264,0.2329,20731695.0
1773723600000,0.2329,0.2339,0.2289,0.2297,19170301.0
1773727200000,0.2298,0.2332,0.2281,0.2316,14766587.0
1773730800000,0.2315,0.2392,0.2314,0.2339,29625635.0
1773734400000,0.2339,0.2398,0.2314,0.2398,25396762.0
1773738000000,0.2398,0.2418,0.2345,0.2377,25805930.0
1773741600000,0.2378,0.2402,0.2357,0.2381,17476194.0
1773745200000,0.2382,0.2421,0.2314,0.2325,25399969.0
1773748800000,0.2325,0.2337,0.2262,0.2308,32742420.0
1773752400000,0.2308,0.2389,0.2303,0.2334,23106639.0
1773756000000,0.2335,0.234,0.2308,0.2331,12990400.0
1773759600000,0.2331,0.2345,0.2265,0.23,18907512.0
1773763200000,0.2299,0.2312,0.227,0.2295,12355620.0
1773766800000,0.2296,0.2342,0.2293,0.2326,14355240.0
1773770400000,0.2327,0.2358,0.2311,0.232,11823968.0
1773774000000,0.232,0.2346,0.2308,0.2335,8217885.0
1773777600000,0.2334,0.2396,0.2334,0.2387,13457244.0
1773781200000,0.2386,0.2433,0.2363,0.2424,15288419.0
1773784800000,0.2423,0.2457,0.2372,0.239,17978300.0
1773788400000,0.239,0.2415,0.2381,0.2403,7890052.0
1773792000000,0.2404,0.2436,0.233,0.2363,22654691.0
1773795600000,0.2362,0.2389,0.2314,0.2321,14667566.0
1773799200000,0.232,0.2366,0.2318,0.2352,8054925.0
1773802800000,0.2352,0.2366,0.2338,0.2354,5955597.0
1773806400000,0.2354,0.2355,0.2306,0.2343,11016567.0
1773810000000,0.2344,0.2352,0.2277,0.2287,13272352.0
1773813600000,0.2286,0.2293,0.2252,0.2263,14163542.0
1773817200000,0.2263,0.2264,0.2213,0.2236,19608051.0
1773820800000,0.2235,0.2262,0.2234,0.2245,9785395.0
1773824400000,0.2245,0.2278,0.2238,0.2266,10755499.0
1773828000000,0.2267,0.2278,0.2242,0.2253,8260468.0
1773831600000,0.2253,0.2255,0.2207,0.2224,19814755.0
1773835200000,0.2224,0.2254,0.2167,0.2185,24791122.0
1773838800000,0.2184,0.2243,0.216,0.2226,24109244.0
1773842400000,0.2227,0.224,0.2178,0.2192,20931555.0
1773846000000,0.2192,0.2232,0.2175,0.2199,18639993.0
1773849600000,0.2198,0.22,0.2155,0.2166,16548926.0
1773853200000,0.2166,0.2216,0.2139,0.2195,17304023.0
1773856800000,0.2195,0.2263,0.2193,0.2205,20504687.0
1773860400000,0.2205,0.2236,0.2201,0.2212,8495420.0
1773864000000,0.2212,0.2239,0.2185,0.2218,11712718.0
1773867600000,0.2218,0.224,0.2206,0.2208,6112433.0
1773871200000,0.2208,0.2231,0.2192,0.2215,6711285.0
1773874800000,0.2215,0.2244,0.2201,0.2231,10342794.0
1773878400000,0.223,0.2243,0.2216,0.2229,7698800.0
1773882000000,0.2229,0.2241,0.2198,0.221,7046095.0
1773885600000,0.221,0.2241,0.2196,0.2238,8363105.0
1773889200000,0.2238,0.2286,0.2227,0.2249,12117431.0
1773892800000,0.225,0.2253,0.2218,0.2219,7292633.0
1773896400000,0.2219,0.2228,0.2187,0.2192,7730391.0
1773900000000,0.2192,0.2205,0.2163,0.2196,8998406.0
1773903600000,0.2196,0.2207,0.2148,0.2179,12767886.0
1773907200000,0.2179,0.2194,0.2107,0.2122,17152479.0
1773910800000,0.2121,0.2184,0.2121,0.2176,10111651.0
1773914400000,0.2175,0.2196,0.2147,0.2152,8244790.0
1773918000000,0.2153,0.2155,0.2089,0.2094,14214349.0
1773921600000,0.2095,0.2111,0.2057,0.206,18351718.0
1773925200000,0.2061,0.2092,0.2022,0.209,23514269.0
1773928800000,0.209,0.2096,0.2037,0.2052,11749701.0
1773932400000,0.2053,0.2053,0.2007,0.2032,14319027.0
1773936000000,0.2031,0.2062,0.2022,0.2055,8135180.0
1773939600000,0.2055,0.2086,0.2034,0.208,10849238.0
1773943200000,0.2079,0.209,0.2055,0.2067,6473227.0
1773946800000,0.2066,0.2134,0.2065,0.2127,14537944.0
1773950400000,0.2128,0.2142,0.2102,0.2108,10367164.0
1773954000000,0.2108,0.2129,0.2105,0.2118,4653620.0
1773957600000,0.2119,0.2139,0.209,0.2132,8087590.0
1773961200000,0.2132,0.2147,0.2094,0.2123,11261023.0
1773964800000,0.2124,0.2176,0.2115,0.2166,11684502.0
1773968400000,0.2166,0.222,0.2154,0.219,16086556.0
1773972000000,0.2191,0.221,0.2173,0.2175,8191311.0
1773975600000,0.2176,0.2249,0.2172,0.2245,12505564.0
1773979200000,0.2245,0.2328,0.2233,0.232,29542511.0
1773982800000,0.2321,0.2423,0.232,0.2395,39847998.0
1773986400000,0.2396,0.2406,0.2358,0.2366,18581629.0
1773990000000,0.2365,0.2366,0.2278,0.233,28638537.0
1773993600000,0.233,0.2381,0.2293,0.2317,17121167.0
1773997200000,0.2316,0.2319,0.2261,0.2277,14936917.0
1774000800000,0.2276,0.2283,0.2236,0.2255,18034175.0
1774004400000,0.2254,0.2276,0.222,0.223,12794116.0
1774008000000,0.2231,0.2252,0.2216,0.2234,13706032.0
1774011600000,0.2234,0.2275,0.2219,0.2226,17831623.0
1774015200000,0.2226,0.2251,0.219,0.2195,21141659.0
1774018800000,0.2195,0.2232,0.2184,0.2224,12366866.0
1774022400000,0.2224,0.2246,0.2208,0.223,11925310.0
1774026000000,0.223,0.2241,0.2196,0.2221,8566155.0
1774029600000,0.2222,0.2225,0.219,0.2197,9141980.0
1774033200000,0.2197,0.2207,0.2172,0.2207,8336106.0
1774036800000,0.2207,0.2209,0.2172,0.2198,6284834.0
1774040400000,0.2199,0.2299,0.2181,0.2295,21316235.0
1774044000000,0.2294,0.2324,0.2249,0.2264,20397230.0
1774047600000,0.2265,0.2269,0.2224,0.2257,17487335.0
1774051200000,0.2258,0.228,0.2213,0.2228,12966465.0
1774054800000,0.2228,0.2247,0.221,0.2228,8022348.0
1774058400000,0.2227,0.2257,0.2219,0.2254,5392527.0
1774062000000,0.2254,0.2268,0.2223,0.2235,7360509.0
1774065600000,0.2236,0.2268,0.2224,0.2251,7387698.0
1774069200000,0.2252,0.2304,0.2251,0.2275,13346967.0
1774072800000,0.2275,0.2331,0.2273,0.2312,9648880.0
1774076400000,0.2312,0.2366,0.2305,0.2325,15534049.0
1774080000000,0.2326,0.2348,0.2292,0.2303,9848610.0
1774083600000,0.2303,0.2304,0.2194,0.2218,34226172.0
1774087200000,0.2218,0.2224,0.2185,0.2196,9594487.0
1774090800000,0.2197,0.2217,0.2189,0.2199,7349472.0
1774094400000,0.2199,0.2205,0.2184,0.2197,5618882.0
1774098000000,0.2197,0.222,0.2192,0.2217,9291640.0
1774101600000,0.2216,0.2252,0.2213,0.2224,14027670.0
1774105200000,0.2224,0.2271,0.2216,0.2259,10437656.0
1774108800000,0.226,0.2295,0.225,0.226,16821525.0
1774112400000,0.2259,0.2263,0.2228,0.2238,6030215.0
1774116000000,0.2238,0.2256,0.2223,0.2246,7212380.0
1774119600000,0.2245,0.2255,0.2238,0.2246,3932889.0
1774123200000,0.2246,0.2259,0.2234,0.2258,3403673.0
1774126800000,0.2258,0.2259,0.2228,0.2233,3192177.0
1774130400000,0.2233,0.2244,0.2223,0.2239,4174764.0
1774134000000,0.2239,0.2244,0.2164,0.2181,16967788.0
1774137600000,0.2181,0.2202,0.2133,0.2184,22107232.0
1774141200000,0.2184,0.2205,0.2157,0.2176,12760505.0
1774144800000,0.2176,0.2203,0.2161,0.2174,8452887.0
1774148400000,0.2175,0.2204,0.217,0.218,5329396.0
1774152000000,0.218,0.2197,0.2173,0.2179,5796533.0
1774155600000,0.2179,0.2185,0.217,0.2182,3295420.0
1774159200000,0.2181,0.219,0.2161,0.2188,6592324.0
1774162800000,0.2188,0.2236,0.2188,0.2222,14394848.0
1774166400000,0.2223,0.2223,0.2181,0.2204,11480504.0
1774170000000,0.2204,0.2208,0.2177,0.2179,7548953.0
1774173600000,0.2179,0.2185,0.215,0.216,7370462.0
1774177200000,0.2159,0.2161,0.2115,0.2117,15238530.0
1774180800000,0.2117,0.2132,0.2062,0.2081,23465073.0
1774184400000,0.2081,0.2115,0.2081,0.211,9499470.0
1774188000000,0.211,0.2121,0.2094,0.2102,5963943.0
1774191600000,0.2102,0.2126,0.2102,0.2117,7293546.0
1774195200000,0.2117,0.2136,0.2098,0.2122,8605021.0
1774198800000,0.2121,0.2145,0.2116,0.2123,8109737.0
1774202400000,0.2123,0.2123,0.2076,0.2083,11637742.0
1774206000000,0.2082,0.2095,0.207,0.2089,7932263.0
1774209600000,0.209,0.2102,0.2072,0.208,6294364.0
1774213200000,0.2079,0.2082,0.2031,0.2056,14441155.0
1774216800000,0.2057,0.2091,0.204,0.2078,6827435.0
1774220400000,0.2079,0.2083,0.2047,0.2055,6616616.0
1774224000000,0.2054,0.2094,0.2049,0.2078,9333959.0
1774227600000,0.2078,0.2107,0.2074,0.2089,5478578.0
1774231200000,0.2089,0.2116,0.208,0.2096,5734987.0
1774234800000,0.2096,0.2109,0.2057,0.2062,5159093.0
1774238400000,0.2062,0.2101,0.2062,0.2099,3949158.0
1774242000000,0.2099,0.2111,0.2083,0.2099,6438497.0
1774245600000,0.2098,0.2098,0.2027,0.2049,11378225.0
1774249200000,0.2048,0.2067,0.2031,0.205,7176926.0
1774252800000,0.2051,0.208,0.2048,0.2057,6730515.0
1774256400000,0.2058,0.2063,0.2022,0.2051,6958749.0
1774260000000,0.2051,0.2083,0.2049,0.206,5697287.0
1774263600000,0.206,0.2219,0.2059,0.2143,58487356.0
1774267200000,0.2143,0.2193,0.2123,0.219,17661266.0
1774270800000,0.219,0.2209,0.2169,0.22,15181801.0
1774274400000,0.22,0.2233,0.2184,0.2203,16348528.0
1774278000000,0.2202,0.2227,0.2179,0.2186,16342318.0
1774281600000,0.2186,0.2204,0.2155,0.2183,11413848.0
1774285200000,0.2184,0.2204,0.2171,0.2181,8727656.0
1774288800000,0.2181,0.2193,0.2165,0.2185,5332140.0
1774292400000,0.2185,0.2195,0.2166,0.2169,4430716.0
1774296000000,0.217,0.2213,0.2154,0.2204,7118642.0
1774299600000,0.2205,0.2285,0.2196,0.2261,20587335.0
1774303200000,0.2262,0.2291,0.2246,0.2271,14399984.0
1774306800000,0.2271,0.2284,0.2242,0.2265,7177544.0
1774310400000,0.2265,0.2316,0.2248,0.2308,12291160.0
1774314000000,0.2309,0.2349,0.2298,0.2333,21124932.0
1774317600000,0.2334,0.2393,0.2328,0.2359,22456961.0
1774321200000,0.236,0.2369,0.2306,0.2332,19258550.0
1774324800000,0.2332,0.2357,0.2272,0.2282,17499132.0
1774328400000,0.2283,0.2307,0.2257,0.2283,10929844.0
1774332000000,0.2283,0.2311,0.2258,0.2288,12418165.0
1774335600000,0.2289,0.2352,0.2281,0.2343,22828235.0
1774339200000,0.2343,0.2418,0.2322,0.2397,31867571.0
1774342800000,0.2398,0.2428,0.2326,0.2332,24951762.0
1774346400000,0.2333,0.2354,0.2288,0.2351,21519078.0
1774350000000,0.2351,0.2356,0.2272,0.2289,17073858.0
1774353600000,0.2289,0.232,0.2279,0.2299,10771754.0
1774357200000,0.2299,0.2348,0.2264,0.2273,20692506.0
1774360800000,0.2274,0.2302,0.2223,0.2265,31530523.0
1774364400000,0.2265,0.2342,0.2265,0.2305,17830825.0
1774368000000,0.2305,0.2324,0.2284,0.2295,14137850.0
1774371600000,0.2295,0.2307,0.2252,0.2295,14770416.0
1774375200000,0.2295,0.2357,0.2295,0.2335,22088027.0
1774378800000,0.2335,0.24,0.2332,0.2379,21233385.0
1774382400000,0.2378,0.2495,0.2378,0.2488,37372931.0
1774386000000,0.2487,0.251,0.2428,0.2449,22030014.0
1774389600000,0.2449,0.2461,0.2382,0.2419,15819308.0
1774393200000,0.2419,0.244,0.2402,0.2421,11445097.0
1774396800000,0.2421,0.2528,0.2404,0.2487,25199690.0
1774400400000,0.2486,0.2549,0.2481,0.2511,19269877.0
1774404000000,0.2513,0.2544,0.2476,0.2494,14662613.0
1774407600000,0.2494,0.2543,0.2486,0.2513,16649229.0
1774411200000,0.2513,0.2529,0.248,0.2485,11809373.0
1774414800000,0.2485,0.2486,0.2442,0.2472,13240685.0
1774418400000,0.2473,0.2518,0.2454,0.249,11766714.0
1774422000000,0.2489,0.254,0.2484,0.2514,14756126.0
1774425600000,0.2514,0.2543,0.2495,0.2496,12188760.0
1774429200000,0.2496,0.2522,0.2466,0.2498,12329185.0
1774432800000,0.2499,0.2576,0.2488,0.257,25039939.0
1774436400000,0.257,0.2629,0.2555,0.2595,36947716.0
1774440000000,0.2594,0.2626,0.2523,0.2541,31992994.0
1774443600000,0.2541,0.2567,0.25,0.2514,24699893.0
1774447200000,0.2514,0.2578,0.2504,0.2515,24660999.0
1774450800000,0.2515,0.2527,0.2463,0.2525,25582395.0
1774454400000,0.2525,0.2528,0.2482,0.25,13499685.0
1774458000000,0.25,0.2534,0.2486,0.2508,13752482.0
1774461600000,0.2507,0.2601,0.2506,0.2536,27591919.0
1774465200000,0.2535,0.2624,0.2534,0.2612,28350600.0
1774468800000,0.2612,0.2671,0.2577,0.2593,40254277.0
1774472400000,0.2593,0.26,0.2536,0.2547,13162461.0
1774476000000,0.2547,0.2593,0.2526,0.2572,14521866.0
1774479600000,0.2573,0.2599,0.2556,0.2592,12752652.0
1774483200000,0.2592,0.2608,0.2541,0.255,13229619.0
1774486800000,0.255,0.2587,0.2548,0.2552,8501722.0
1774490400000,0.2551,0.2567,0.2513,0.2561,11182211.0
1774494000000,0.256,0.2586,0.2527,0.2577,11645491.0
1774497600000,0.2577,0.2583,0.2507,0.2519,12175707.0
1774501200000,0.252,0.2523,0.2448,0.2462,19753001.0
1774504800000,0.2462,0.2488,0.2407,0.2423,28148726.0
1774508400000,0.2423,0.2434,0.2404,0.242,11858930.0
1774512000000,0.2419,0.2438,0.2399,0.2426,13696755.0
1774515600000,0.2426,0.2438,0.2381,0.2395,16783772.0
1774519200000,0.2396,0.2408,0.2352,0.2362,17231431.0
1774522800000,0.2363,0.2394,0.2362,0.2377,8448864.0
1774526400000,0.2378,0.2417,0.237,0.2407,11534233.0
1774530000000,0.2407,0.2467,0.2406,0.2445,29659507.0
1774533600000,0.2445,0.2475,0.2424,0.2431,13926104.0
1774537200000,0.2432,0.2443,0.2386,0.2406,14203533.0
1774540800000,0.2406,0.2443,0.24,0.2407,11493297.0
1774544400000,0.2407,0.2425,0.2383,0.2391,11304216.0
1774548000000,0.2391,0.2418,0.2373,0.2404,11494758.0
1774551600000,0.2405,0.2428,0.2403,0.2409,6392329.0
1774555200000,0.2409,0.2466,0.2395,0.2419,17601146.0
1774558800000,0.2418,0.2458,0.2409,0.2424,7265615.0
1774562400000,0.2425,0.2432,0.2412,0.2424,5009993.0
1774566000000,0.2424,0.2433,0.2401,0.242,5689749.0
1774569600000,0.2421,0.2447,0.2395,0.2424,10966262.0
1774573200000,0.2425,0.2455,0.2409,0.2415,8111562.0
1774576800000,0.2415,0.243,0.2371,0.2389,9929600.0
1774580400000,0.2389,0.2396,0.2343,0.235,11262361.0
1774584000000,0.2351,0.237,0.2321,0.2357,12794681.0
1774587600000,0.2356,0.2366,0.2338,0.2349,8988282.0
1774591200000,0.235,0.2377,0.2346,0.2354,6044450.0
1774594800000,0.2355,0.2387,0.2351,0.2386,7315647.0
1774598400000,0.2385,0.2389,0.2332,0.2348,10883285.0
1774602000000,0.2347,0.2347,0.2303,0.2335,11036116.0
1774605600000,0.2335,0.2336,0.2288,0.2297,15211034.0
1774609200000,0.2298,0.2321,0.2281,0.2289,11988072.0
1774612800000,0.229,0.2301,0.2269,0.2288,12882273.0
1774616400000,0.2288,0.2302,0.2274,0.2284,9370337.0
1774620000000,0.2283,0.2328,0.2274,0.2318,11484296.0
1774623600000,0.2319,0.2389,0.2313,0.2366,25193561.0
1774627200000,0.2367,0.2376,0.2327,0.2333,12211600.0
1774630800000,0.2333,0.2379,0.2333,0.2354,9131820.0
1774634400000,0.2354,0.2362,0.2297,0.2309,10780050.0
1774638000000,0.2309,0.2315,0.2292,0.231,7531119.0
1774641600000,0.231,0.2317,0.2272,0.2292,10321699.0
1774645200000,0.2291,0.2301,0.2278,0.2286,3987917.0
1774648800000,0.2285,0.2286,0.2258,0.2272,6177043.0
1774652400000,0.2272,0.2309,0.2261,0.2306,5412025.0
1774656000000,0.2305,0.2318,0.2285,0.2292,5998499.0
1774659600000,0.2292,0.2293,0.2266,0.2287,4302210.0
1774663200000,0.2288,0.2302,0.2262,0.2269,4254686.0
1774666800000,0.2268,0.2285,0.2262,0.2277,3520741.0
1774670400000,0.2277,0.2277,0.2241,0.2262,7048272.0
1774674000000,0.2262,0.2279,0.2257,0.2272,3521390.0
1774677600000,0.2272,0.2305,0.2264,0.2284,6652305.0
1774681200000,0.2285,0.2322,0.2285,0.2318,8338004.0
1774684800000,0.2318,0.2356,0.2308,0.2329,13702409.0
1774688400000,0.2329,0.237,0.2329,0.2357,9605053.0
1774692000000,0.2358,0.2387,0.2337,0.2346,12152232.0
1774695600000,0.2346,0.2356,0.2318,0.2353,10460116.0
1774699200000,0.2353,0.2419,0.2338,0.2414,18295119.0
1774702800000,0.2414,0.2524,0.2403,0.2511,35910534.0
1774706400000,0.2511,0.2565,0.2481,0.2497,33166642.0
1774710000000,0.2498,0.2524,0.2467,0.2511,23448100.0
1774713600000,0.2512,0.2523,0.245,0.2456,15906752.0
1774717200000,0.2456,0.2496,0.2452,0.2463,9292541.0
1774720800000,0.2463,0.2478,0.2437,0.2457,8119623.0
1774724400000,0.2456,0.2496,0.2453,0.2481,8737948.0
1774728000000,0.2481,0.2512,0.245,0.2457,10162965.0
1774731600000,0.2456,0.2463,0.2394,0.2411,14374612.0
1774735200000,0.2411,0.2422,0.2385,0.2404,9577719.0
1774738800000,0.2404,0.2406,0.2356,0.2364,9818212.0
1774742400000,0.2364,0.238,0.2352,0.238,7876032.0
1774746000000,0.2379,0.2411,0.2376,0.239,8403721.0
1774749600000,0.239,0.2422,0.2381,0.2407,5616541.0
1774753200000,0.2407,0.2425,0.2397,0.2421,5622000.0
1774756800000,0.2422,0.2466,0.242,0.2446,9419054.0
1774760400000,0.2446,0.2457,0.2425,0.2434,7507471.0
1774764000000,0.2433,0.244,0.2391,0.2428,9844129.0
1774767600000,0.2427,0.2427,0.2371,0.2374,8612797.0
1774771200000,0.2375,0.241,0.2367,0.2407,10332326.0
1774774800000,0.2406,0.2433,0.2391,0.2421,7969964.0
1774778400000,0.242,0.2431,0.2383,0.2394,13431318.0
1774782000000,0.2394,0.2454,0.2394,0.244,9490999.0
1774785600000,0.2441,0.2441,0.2394,0.2396,7973399.0
1774789200000,0.2397,0.2397,0.2337,0.2342,21368414.0
1774792800000,0.2343,0.2367,0.2332,0.2348,13653664.0
1774796400000,0.2349,0.2361,0.2327,0.2355,10678808.0
1774800000000,0.2355,0.2362,0.2334,0.2337,6456718.0
1774803600000,0.2337,0.2345,0.2301,0.2314,13382912.0
1774807200000,0.2314,0.2322,0.2292,0.2304,7877000.0
1774810800000,0.2303,0.2311,0.2285,0.2294,6234726.0
1774814400000,0.2293,0.2327,0.2291,0.2314,8802516.0
1774818000000,0.2314,0.2344,0.2312,0.2325,7407141.0
1774821600000,0.2325,0.2325,0.2215,0.228,27167415.0
1774825200000,0.228,0.2305,0.2271,0.2293,12237520.0
1774828800000,0.2293,0.2412,0.2286,0.2319,25348144.0
1774832400000,0.2318,0.2338,0.2312,0.2332,8336819.0
1774836000000,0.2332,0.2399,0.2331,0.2374,13505219.0
1774839600000,0.2374,0.2389,0.2356,0.2365,7932827.0
1774843200000,0.2366,0.2438,0.2366,0.2414,15895644.0
1774846800000,0.2414,0.2434,0.2402,0.2433,10458367.0
1774850400000,0.2432,0.2445,0.2402,0.2412,12540618.0
1774854000000,0.2412,0.2487,0.2406,0.2446,19905465.0
1774857600000,0.2446,0.25,0.2434,0.247,18719783.0
1774861200000,0.247,0.2484,0.2411,0.2422,13977817.0
1774864800000,0.2422,0.2436,0.2409,0.2421,7333094.0
1774868400000,0.2422,0.2449,0.2404,0.2415,9638459.0
1774872000000,0.2415,0.2429,0.2405,0.2423,5433773.0
1774875600000,0.2423,0.2444,0.2352,0.2371,20539123.0
1774879200000,0.2371,0.2383,0.2339,0.2376,15494405.0
1774882800000,0.2376,0.2381,0.2338,0.2357,12802959.0
1774886400000,0.2356,0.236,0.2302,0.2317,15573220.0
1774890000000,0.2317,0.2323,0.2276,0.229,15296564.0
1774893600000,0.2291,0.2298,0.2274,0.2292,9315559.0
1774897200000,0.2293,0.2301,0.2276,0.2298,9443094.0
1774900800000,0.2297,0.2313,0.228,0.2298,7559612.0
1774904400000,0.2298,0.2322,0.2295,0.231,9634165.0
1774908000000,0.2311,0.2325,0.2296,0.2301,7208772.0
1774911600000,0.2301,0.2301,0.2257,0.2292,13938881.0
1774915200000,0.2292,0.2303,0.2278,0.2285,9510637.0
1774918800000,0.2285,0.2335,0.2276,0.2325,14179320.0
1774922400000,0.2324,0.2343,0.2315,0.2338,7095026.0
1774926000000,0.2338,0.234,0.2311,0.2325,6569375.0
1774929600000,0.2325,0.233,0.2309,0.2321,5479828.0
1774933200000,0.232,0.2333,0.2302,0.2311,5482280.0
1774936800000,0.2312,0.2312,0.2288,0.2297,6425900.0
1774940400000,0.2298,0.23,0.2271,0.2294,9635081.0
1774944000000,0.2294,0.232,0.2284,0.2291,9465949.0
1774947600000,0.2291,0.2299,0.2274,0.2287,9750328.0
1774951200000,0.2287,0.2298,0.2258,0.2263,7821589.0
1774954800000,0.2263,0.2307,0.2246,0.2297,17197448.0
1774958400000,0.2298,0.2313,0.2255,0.2261,13915683.0
1774962000000,0.2261,0.23,0.2255,0.2288,12882257.0
1774965600000,0.2289,0.231,0.2252,0.2267,15310141.0
1774969200000,0.2267,0.2306,0.2263,0.2271,12141159.0
1774972800000,0.227,0.2318,0.2262,0.2315,13957047.0
1774976400000,0.2314,0.2372,0.2304,0.2321,25830583.0
1774980000000,0.2322,0.2385,0.2268,0.2336,48657167.0
1774983600000,0.2336,0.2348,0.2322,0.2333,6386008.0
1774987200000,0.2332,0.2367,0.2329,0.2365,6921668.0
1774990800000,0.2365,0.2366,0.2317,0.2326,8226685.0
1774994400000,0.2325,0.233,0.2304,0.2313,5307543.0
1774998000000,0.2312,0.2331,0.2307,0.2318,4311025.0
1775001600000,0.2318,0.2344,0.2287,0.2341,9012009.0
1775005200000,0.2341,0.2342,0.2301,0.2302,5283638.0
1775008800000,0.2302,0.231,0.2283,0.2284,5200334.0
1775012400000,0.2284,0.2313,0.228,0.2302,6185498.0
1775016000000,0.2302,0.2318,0.229,0.2304,4421540.0
1775019600000,0.2303,0.2372,0.2298,0.236,10184970.0
1775023200000,0.236,0.2425,0.235,0.2418,20961154.0
1775026800000,0.2419,0.2471,0.2419,0.243,20956685.0
1775030400000,0.243,0.2447,0.2409,0.2432,14622491.0
1775034000000,0.2431,0.2438,0.2389,0.2409,11128811.0
1775037600000,0.241,0.2451,0.2392,0.2441,10305771.0
1775041200000,0.244,0.2466,0.2434,0.2458,12265222.0
1775044800000,0.2457,0.2468,0.2423,0.2428,10645077.0
1775048400000,0.2428,0.2482,0.241,0.2428,17892642.0
1775052000000,0.2427,0.2466,0.2413,0.2462,14826265.0
1775055600000,0.2463,0.2467,0.2431,0.2456,9219330.0
1775059200000,0.2455,0.2461,0.2428,0.2444,9177366.0
1775062800000,0.2444,0.245,0.2395,0.24,11830798.0
1775066400000,0.2399,0.241,0.2352,0.2387,18198138.0
1775070000000,0.2387,0.241,0.2368,0.2405,8550099.0
1775073600000,0.2405,0.2412,0.2385,0.239,6555070.0
1775077200000,0.239,0.2423,0.2389,0.2411,8420530.0
1775080800000,0.2412,0.242,0.2381,0.2386,4620080.0
1775084400000,0.2387,0.2401,0.2383,0.2399,4129763.0
1775088000000,0.24,0.2459,0.239,0.245,10443972.0
1775091600000,0.2449,0.2449,0.2323,0.2342,26811720.0
1775095200000,0.2341,0.2342,0.2265,0.2284,22748515.0
1775098800000,0.2285,0.2299,0.2246,0.2263,19039916.0
1775102400000,0.2264,0.23,0.2262,0.2294,11345371.0
1775106000000,0.2294,0.231,0.2291,0.2297,7705610.0
1775109600000,0.2297,0.2331,0.2293,0.2298,10020054.0
1775113200000,0.2298,0.232,0.2291,0.2317,6529183.0
1775116800000,0.2318,0.2321,0.2274,0.2281,9065039.0
1775120400000,0.2282,0.2288,0.2271,0.2285,6978729.0
1775124000000,0.2284,0.2287,0.2257,0.2275,8930776.0
1775127600000,0.2275,0.2281,0.2252,0.2266,7926908.0
1775131200000,0.2266,0.2266,0.2243,0.2246,9569419.0
1775134800000,0.2245,0.2254,0.2223,0.2245,14586575.0
1775138400000,0.2246,0.2338,0.2236,0.2302,26231723.0
1775142000000,0.2302,0.2309,0.2276,0.2292,11378318.0
1775145600000,0.2291,0.2323,0.2284,0.2317,10302976.0
1775149200000,0.2316,0.2332,0.2283,0.2284,10687801.0
1775152800000,0.2284,0.2301,0.2278,0.2293,6087654.0
1775156400000,0.2293,0.2309,0.2286,0.2307,4354391.0
1775160000000,0.2308,0.2322,0.229,0.2291,6454935.0
1775163600000,0.2291,0.2295,0.2269,0.2289,7726352.0
1775167200000,0.2289,0.2295,0.2274,0.2283,3351002.0
1775170800000,0.2282,0.2295,0.2274,0.2277,3236656.0
1775174400000,0.2278,0.2288,0.2258,0.2269,5574333.0
1775178000000,0.2269,0.2284,0.2259,0.2263,5569308.0
1775181600000,0.2263,0.228,0.225,0.2271,5518730.0
1775185200000,0.2271,0.2312,0.2271,0.2303,8322712.0
1775188800000,0.2303,0.2304,0.2277,0.2294,6293405.0
1775192400000,0.2294,0.2295,0.2251,0.2279,9505308.0
1775196000000,0.228,0.2301,0.2264,0.2296,6283593.0
1775199600000,0.2295,0.2312,0.228,0.2297,6465611.0
1775203200000,0.2297,0.2304,0.2283,0.2293,4856804.0
1775206800000,0.2293,0.234,0.2287,0.233,14533262.0
1775210400000,0.233,0.2368,0.2321,0.2354,13525914.0
1775214000000,0.2354,0.2397,0.2351,0.2394,10396585.0
1775217600000,0.2395,0.2417,0.2375,0.2387,20634805.0
1775221200000,0.2387,0.2402,0.2334,0.2358,14492422.0
1775224800000,0.2358,0.2422,0.2355,0.2402,19386014.0
1775228400000,0.2402,0.2406,0.2362,0.237,10242102.0
1775232000000,0.2369,0.238,0.2348,0.2361,7659335.0
1775235600000,0.2361,0.2386,0.235,0.2358,7119790.0
1775239200000,0.2358,0.2368,0.234,0.2342,4826988.0
1775242800000,0.2342,0.2352,0.2322,0.2346,9321064.0
1775246400000,0.2347,0.2355,0.2331,0.2343,3924457.0
1775250000000,0.2343,0.2349,0.2325,0.2336,3827093.0
1775253600000,0.2337,0.2376,0.2326,0.2367,13177811.0
1775257200000,0.2367,0.2393,0.236,0.2375,9474426.0
1775260800000,0.2376,0.2391,0.2357,0.2378,7931735.0
1775264400000,0.2378,0.2388,0.236,0.2374,6868199.0
1775268000000,0.2374,0.239,0.2362,0.2388,4376481.0
1775271600000,0.2387,0.2415,0.2369,0.2372,7268021.0
1775275200000,0.2371,0.2394,0.2366,0.2381,4565599.0
1775278800000,0.2382,0.2382,0.2354,0.2358,5711876.0
1775282400000,0.2358,0.2411,0.2351,0.2406,8184640.0
1775286000000,0.2406,0.2411,0.2385,0.2399,7089359.0
1775289600000,0.24,0.2405,0.2372,0.2374,6766206.0
1775293200000,0.2374,0.2374,0.2357,0.2358,5126256.0
1775296800000,0.2358,0.2385,0.2351,0.2375,6255756.0
1775300400000,0.2374,0.2398,0.2374,0.2389,5606714.0
1775304000000,0.2389,0.2399,0.2377,0.2389,4628815.0
1775307600000,0.2389,0.2399,0.2373,0.2379,4173129.0
1775311200000,0.2379,0.2389,0.2364,0.2389,6056839.0
1775314800000,0.2389,0.2408,0.2379,0.2392,7737990.0
1775318400000,0.2393,0.2394,0.2367,0.2369,4672739.0
1775322000000,0.2368,0.2392,0.2361,0.2389,4493824.0
1775325600000,0.2388,0.2392,0.2372,0.2378,3518746.0
1775329200000,0.2379,0.2399,0.237,0.2381,3475647.0
1775332800000,0.2381,0.2386,0.237,0.2375,2212468.0
1775336400000,0.2374,0.2377,0.2356,0.2361,3550511.0
1775340000000,0.236,0.2372,0.2353,0.2363,6222613.0
1775343600000,0.2363,0.2366,0.2343,0.236,4933361.0
1775347200000,0.2359,0.2361,0.2345,0.235,3738086.0
1775350800000,0.235,0.235,0.2313,0.2315,10223847.0
1775354400000,0.2315,0.2315,0.2286,0.2287,12041991.0
1775358000000,0.2287,0.2302,0.228,0.2299,8109272.0
1775361600000,0.2298,0.2316,0.2295,0.2304,6425712.0
1775365200000,0.2304,0.2316,0.2289,0.2292,5922576.0
1775368800000,0.2292,0.2292,0.2262,0.2269,11637294.0
1775372400000,0.2269,0.228,0.2261,0.2275,7789710.0
1775376000000,0.2275,0.2279,0.2253,0.2262,6911146.0
1775379600000,0.2261,0.227,0.2242,0.2261,7895797.0
1775383200000,0.2261,0.2272,0.2251,0.2257,5379697.0
1775386800000,0.2256,0.2268,0.2254,0.2261,4524441.0
1775390400000,0.2261,0.2263,0.2242,0.2253,7716174.0
1775394000000,0.2253,0.2274,0.2252,0.2273,5892645.0
1775397600000,0.2273,0.2287,0.2267,0.2275,7581176.0
1775401200000,0.2275,0.233,0.2273,0.2292,13828538.0
1775404800000,0.2292,0.2311,0.2286,0.2292,6306487.0
1775408400000,0.2293,0.23,0.2277,0.2286,5197275.0
1775412000000,0.2286,0.2287,0.2265,0.2277,4133461.0
1775415600000,0.2278,0.2293,0.227,0.2285,4224281.0
1775419200000,0.2285,0.2294,0.2277,0.2287,3211939.0
1775422800000,0.2286,0.2289,0.2261,0.2273,4826927.0
1775426400000,0.2273,0.2317,0.2271,0.2305,7884055.0
1775430000000,0.2304,0.2355,0.2294,0.2354,15208189.0
1775433600000,0.2354,0.2442,0.2354,0.2428,30029495.0
1775437200000,0.2427,0.2468,0.2412,0.2455,22678771.0
1775440800000,0.2456,0.2501,0.2422,0.2439,21157275.0
1775444400000,0.2438,0.2449,0.2416,0.242,9789053.0
1775448000000,0.242,0.2427,0.2396,0.2399,11241338.0
1775451600000,0.2399,0.2403,0.2362,0.2376,17260971.0
1775455200000,0.2376,0.2383,0.2356,0.2368,7394605.0
1775458800000,0.2367,0.2378,0.2343,0.2374,9253483.0
1775462400000,0.2374,0.2398,0.236,0.2375,9410056.0
1775466000000,0.2375,0.2416,0.2374,0.2397,11504756.0
1775469600000,0.2397,0.2427,0.239,0.2411,10480174.0
1775473200000,0.2411,0.2413,0.2382,0.239,6363052.0
1775476800000,0.239,0.2398,0.2367,0.2372,9509401.0
1775480400000,0.2372,0.2386,0.2365,0.2372,7549332.0
1775484000000,0.2372,0.2383,0.2353,0.237,9612975.0
1775487600000,0.237,0.2386,0.2363,0.2381,6335046.0
1775491200000,0.2382,0.2401,0.2371,0.2383,7359835.0
1775494800000,0.2383,0.2384,0.2361,0.2369,8031772.0
1775498400000,0.2369,0.2375,0.2351,0.2357,4280808.0
1775502000000,0.2356,0.2359,0.2313,0.2321,11148929.0
1775505600000,0.2322,0.2342,0.2316,0.2332,7260705.0
1775509200000,0.2333,0.2335,0.228,0.2287,14906558.0
1775512800000,0.2286,0.2301,0.2264,0.2266,12596833.0
1775516400000,0.2266,0.227,0.2242,0.2262,21271399.0
1775520000000,0.2262,0.2266,0.2244,0.2249,13207297.0
1775523600000,0.2249,0.2279,0.2245,0.2257,12997731.0
1775527200000,0.2256,0.227,0.2249,0.2259,7193541.0
1775530800000,0.226,0.2298,0.2259,0.2292,12532695.0
1775534400000,0.2292,0.2303,0.2283,0.2291,9756337.0
1775538000000,0.2292,0.2312,0.2286,0.2299,5607834.0
1775541600000,0.23,0.2314,0.2285,0.2307,4663617.0
1775545200000,0.2306,0.2337,0.2304,0.2321,7837274.0
1775548800000,0.2321,0.2363,0.2319,0.2361,10864999.0
1775552400000,0.2361,0.2398,0.2356,0.2377,24531319.0
1775556000000,0.2376,0.2387,0.2338,0.2355,16930486.0
1775559600000,0.2355,0.2356,0.2292,0.2307,17431735.0
1775563200000,0.2307,0.2321,0.2282,0.2312,14472938.0
1775566800000,0.2311,0.2333,0.2295,0.2297,7546782.0
1775570400000,0.2297,0.23,0.2271,0.2281,16536187.0
1775574000000,0.2281,0.2313,0.2277,0.2299,10320313.0
1775577600000,0.2299,0.2319,0.2285,0.2293,8074361.0
1775581200000,0.2293,0.2349,0.2289,0.232,10454008.0
1775584800000,0.232,0.2331,0.2303,0.2307,6072599.0
1775588400000,0.2306,0.2346,0.2299,0.2338,11283001.0
1775592000000,0.2338,0.2388,0.2337,0.2374,18538679.0
1775595600000,0.2373,0.2487,0.2369,0.2469,37645018.0
1775599200000,0.247,0.2555,0.2465,0.2528,40659639.0
1775602800000,0.2529,0.2559,0.2496,0.2499,28385860.0
1775606400000,0.2499,0.2521,0.2473,0.2484,14917205.0
1775610000000,0.2483,0.2486,0.2444,0.2456,8448071.0
1775613600000,0.2455,0.2505,0.2446,0.25,11364831.0
1775617200000,0.2501,0.2504,0.2469,0.2475,8887678.0
1775620800000,0.2476,0.2508,0.2469,0.2496,8794440.0
1775624400000,0.2497,0.2534,0.2491,0.2527,8616092.0
1775628000000,0.2527,0.2565,0.2504,0.2519,16339216.0
1775631600000,0.2519,0.2547,0.2515,0.2524,7878220.0
1775635200000,0.2524,0.2563,0.252,0.2557,7810020.0
1775638800000,0.2557,0.2583,0.2546,0.2558,14605572.0
1775642400000,0.2557,0.2579,0.2507,0.2509,18828444.0
1775646000000,0.251,0.2525,0.2491,0.2507,9482967.0
1775649600000,0.2506,0.2556,0.2503,0.2545,11031392.0
1775653200000,0.2545,0.2574,0.2511,0.2519,16628990.0
1775656800000,0.2519,0.2521,0.2456,0.2473,21094587.0
1775660400000,0.2473,0.2501,0.2469,0.2485,11048677.0
1775664000000,0.2485,0.2507,0.2477,0.2498,13303898.0
1775667600000,0.2497,0.25,0.2456,0.2463,12275239.0
1775671200000,0.2464,0.2464,0.241,0.2416,11719199.0
1775674800000,0.2417,0.2433,0.2402,0.2424,10333607.0
1775678400000,0.2425,0.2437,0.2413,0.2424,5876825.0
1775682000000,0.2424,0.2443,0.2408,0.241,6574554.0
1775685600000,0.2411,0.2422,0.2383,0.2408,10939783.0
1775689200000,0.2409,0.242,0.2386,0.2413,7241837.0
1775692800000,0.2412,0.2415,0.239,0.2395,7710568.0
1775696400000,0.2394,0.2398,0.2366,0.2391,10715567.0
1775700000000,0.2391,0.2394,0.2376,0.2384,4834510.0
1775703600000,0.2383,0.2384,0.2327,0.2338,15208522.0
1775707200000,0.2338,0.2347,0.2321,0.2325,13406980.0
1775710800000,0.2325,0.2354,0.2322,0.2346,9363296.0
1775714400000,0.2346,0.2362,0.2342,0.2359,6803788.0
1775718000000,0.2359,0.2373,0.2358,0.2366,8408675.0
1775721600000,0.2367,0.2403,0.2364,0.2388,10393538.0
1775725200000,0.2387,0.2423,0.2378,0.2407,9724554.0
1775728800000,0.2406,0.242,0.2388,0.2409,7156272.0
1775732400000,0.2409,0.2434,0.24,0.2401,9533392.0
1775736000000,0.2402,0.2406,0.2375,0.2395,8824194.0
1775739600000,0.2395,0.2401,0.2382,0.2395,5977255.0
1775743200000,0.2395,0.2449,0.2383,0.2437,8003084.0
1775746800000,0.2436,0.2475,0.2414,0.245,17816260.0
1775750400000,0.245,0.2485,0.2436,0.246,12783219.0
1775754000000,0.2459,0.2502,0.2458,0.2491,10860850.0
1775757600000,0.2491,0.2493,0.2445,0.2458,9350016.0
1775761200000,0.2457,0.2477,0.2432,0.245,8575554.0
1775764800000,0.245,0.2479,0.2443,0.2467,5586580.0
1775768400000,0.2468,0.2492,0.2457,0.2487,6437695.0
1775772000000,0.2488,0.2528,0.2481,0.2491,9637662.0
1775775600000,0.2491,0.25,0.2433,0.2444,13340930.0
1775779200000,0.2445,0.2456,0.2403,0.2411,19343173.0
1775782800000,0.241,0.2458,0.2404,0.2425,10853370.0
1775786400000,0.2425,0.2448,0.2423,0.2436,4025788.0
1775790000000,0.2436,0.2443,0.2375,0.2376,10714923.0
1775793600000,0.2376,0.241,0.2358,0.2402,14294803.0
1775797200000,0.2401,0.2404,0.2369,0.2398,10900512.0
1775800800000,0.2398,0.2399,0.2372,0.2376,5401167.0
1775804400000,0.2376,0.2383,0.2358,0.2363,6037341.0
1775808000000,0.2364,0.2378,0.2359,0.2363,6041849.0
1775811600000,0.2363,0.2384,0.2362,0.237,5730462.0
1775815200000,0.237,0.2372,0.2359,0.2363,5319994.0
1775818800000,0.2362,0.2372,0.2332,0.2348,16952007.0
1775822400000,0.2348,0.2355,0.2323,0.2337,17375218.0
1775826000000,0.2337,0.2365,0.233,0.2361,9277083.0
1775829600000,0.236,0.2406,0.2355,0.2399,22726022.0
1775833200000,0.2399,0.2415,0.2353,0.2358,14482933.0
1775836800000,0.2359,0.2383,0.2346,0.2368,12061045.0
1775840400000,0.2367,0.241,0.2364,0.2399,15057227.0
1775844000000,0.2399,0.2422,0.2393,0.2399,7570964.0
1775847600000,0.2398,0.2415,0.2391,0.2408,8601764.0
1775851200000,0.2408,0.2415,0.2397,0.2407,7763440.0
1775854800000,0.2406,0.2409,0.2372,0.2386,6826774.0
1775858400000,0.2387,0.2397,0.2368,0.2386,4469536.0
1775862000000,0.2386,0.2391,0.237,0.2381,4363356.0
1775865600000,0.2382,0.2395,0.2363,0.2369,3888825.0
1775869200000,0.2368,0.2376,0.2342,0.2366,6960783.0
1775872800000,0.2367,0.2389,0.2357,0.2372,4141430.0
1775876400000,0.2373,0.2398,0.2357,0.2365,5052818.0
1775880000000,0.2364,0.2376,0.2345,0.2371,6917455.0
1775883600000,0.2371,0.2377,0.2353,0.2356,5056174.0
1775887200000,0.2355,0.2357,0.2343,0.2349,5729680.0
1775890800000,0.235,0.236,0.2346,0.2358,3054530.0
1775894400000,0.2358,0.2367,0.2353,0.2361,3460692.0
1775898000000,0.2361,0.2383,0.236,0.2374,7596429.0
1775901600000,0.2373,0.2379,0.2357,0.2361,3768956.0
1775905200000,0.2361,0.2376,0.2357,0.2371,3061194.0
1775908800000,0.237,0.2372,0.2358,0.2358,3771684.0
1775912400000,0.2358,0.2363,0.2344,0.236,5380006.0
1775916000000,0.236,0.2386,0.2358,0.2364,6577877.0
1775919600000,0.2363,0.238,0.2355,0.2379,3922662.0
1775923200000,0.2379,0.2421,0.2375,0.2405,12781743.0
1775926800000,0.2405,0.2413,0.2392,0.2394,6189574.0
1775930400000,0.2393,0.2439,0.2384,0.2426,12772590.0
1775934000000,0.2427,0.2488,0.2426,0.2484,18206094.0
1775937600000,0.2483,0.2485,0.2437,0.246,13465679.0
1775941200000,0.2461,0.2471,0.245,0.2461,5322998.0
1775944800000,0.2461,0.2503,0.2459,0.2471,11526602.0
1775948400000,0.247,0.247,0.2427,0.2442,8599027.0
1775952000000,0.2442,0.2445,0.2412,0.2426,6407308.0
1775955600000,0.2427,0.2445,0.233,0.2343,28129827.0
1775959200000,0.2342,0.2365,0.2328,0.2346,12669852.0
1775962800000,0.2345,0.2355,0.2321,0.2338,8202702.0
1775966400000,0.2338,0.2343,0.2315,0.2336,7814347.0
1775970000000,0.2335,0.2356,0.2321,0.2348,9273867.0
1775973600000,0.2348,0.2371,0.2346,0.235,7453919.0
1775977200000,0.235,0.2368,0.2347,0.2354,6247934.0
1775980800000,0.2355,0.2383,0.2353,0.2367,5719247.0
1775984400000,0.2368,0.2374,0.2349,0.2352,5476844.0
1775988000000,0.2352,0.2353,0.2315,0.2325,18721511.0
1775991600000,0.2325,0.2348,0.2321,0.2345,4040091.0
1775995200000,0.2344,0.2356,0.2331,0.2339,8309976.0
1775998800000,0.2339,0.2358,0.2326,0.233,8572675.0
1776002400000,0.2329,0.2348,0.2329,0.2333,6785755.0
1776006000000,0.2333,0.2341,0.2319,0.2341,6739698.0
1776009600000,0.234,0.235,0.2323,0.2329,5783960.0
1776013200000,0.2329,0.2362,0.2329,0.236,5111567.0
1776016800000,0.2361,0.2364,0.2339,0.234,2953973.0
1776020400000,0.234,0.2345,0.2333,0.2336,2525797.0
1776024000000,0.2337,0.2362,0.2333,0.2354,4615820.0
1776027600000,0.2354,0.2366,0.2339,0.2348,3683049.0
1776031200000,0.2348,0.2349,0.2281,0.2315,17320410.0
1776034800000,0.2315,0.2316,0.2286,0.2292,5447195.0
1776038400000,0.2292,0.232,0.2289,0.2313,6014935.0
1776042000000,0.2313,0.2337,0.231,0.2329,5732980.0
1776045600000,0.2328,0.2334,0.2302,0.2304,5126229.0
1776049200000,0.2304,0.2307,0.2296,0.2305,3291824.0
1776052800000,0.2305,0.2309,0.2285,0.2291,3826989.0
1776056400000,0.2291,0.2303,0.2284,0.2302,5407017.0
1776060000000,0.2302,0.2324,0.2302,0.231,4218246.0
1776063600000,0.231,0.2312,0.2284,0.2285,9351312.0
1776067200000,0.2285,0.2296,0.2268,0.2281,9125476.0
1776070800000,0.228,0.2293,0.2276,0.2283,4283169.0
1776074400000,0.2283,0.2284,0.2258,0.2266,6202530.0
1776078000000,0.2267,0.2286,0.226,0.2284,5539701.0
1776081600000,0.2284,0.2312,0.2267,0.2301,8544280.0
1776085200000,0.2301,0.2327,0.2282,0.2323,9624683.0
1776088800000,0.2322,0.234,0.2302,0.2338,10805932.0
1776092400000,0.2338,0.2341,0.2297,0.2304,11090245.0
1776096000000,0.2303,0.2327,0.2291,0.2318,11166403.0
1776099600000,0.2318,0.2349,0.2304,0.2315,9578964.0
1776103200000,0.2315,0.2319,0.2301,0.2314,5945517.0
1776106800000,0.2314,0.2336,0.2307,0.2325,13163911.0
1776110400000,0.2325,0.2326,0.2308,0.2311,7188217.0
1776114000000,0.231,0.2331,0.2306,0.2323,5752065.0
1776117600000,0.2322,0.2406,0.2321,0.2399,20519993.0
1776121200000,0.2398,0.24,0.2376,0.2383,11549766.0
1776124800000,0.2382,0.2391,0.2359,0.2369,9949834.0
1776128400000,0.2369,0.237,0.2343,0.2353,8619042.0
1776132000000,0.2353,0.236,0.2334,0.2348,5395054.0
1776135600000,0.2348,0.2356,0.2336,0.2342,4101295.0
1776139200000,0.2343,0.2363,0.234,0.2345,4996076.0
1776142800000,0.2346,0.2346,0.232,0.2327,7302072.0
1776146400000,0.2326,0.2352,0.2322,0.2352,5748546.0
1776150000000,0.2352,0.2385,0.2348,0.2379,12818946.0
1776153600000,0.2379,0.2386,0.2353,0.2358,13278492.0
1776157200000,0.2359,0.2372,0.2346,0.2369,5188321.0
1776160800000,0.237,0.2379,0.235,0.2353,4953882.0
1776164400000,0.2352,0.236,0.2339,0.2346,4311377.0
1776168000000,0.2345,0.2352,0.2312,0.2326,8887736.0
1776171600000,0.2327,0.2352,0.2322,0.2345,9065098.0
1776175200000,0.2346,0.2353,0.2313,0.2315,11404318.0
1776178800000,0.2315,0.2322,0.2279,0.2288,18322954.0
1776182400000,0.2289,0.2303,0.2268,0.2275,8582387.0
1776186000000,0.2275,0.2301,0.2269,0.2299,7297466.0
1776189600000,0.2299,0.2309,0.2262,0.2268,8862233.0
1776193200000,0.2268,0.2284,0.2255,0.2283,7990447.0
1776196800000,0.2283,0.2291,0.2261,0.2267,4534164.0
1776200400000,0.2267,0.2283,0.2263,0.2274,3552256.0
1776204000000,0.2274,0.228,0.2256,0.226,5138170.0
1776207600000,0.226,0.2274,0.2258,0.2263,4206822.0
1776211200000,0.2262,0.229,0.2262,0.2271,6202125.0
1776214800000,0.2271,0.2295,0.2267,0.2283,4966947.0
1776218400000,0.2282,0.2286,0.2262,0.2272,4680083.0
1776222000000,0.2272,0.2274,0.226,0.2264,2947299.0
1776225600000,0.2264,0.2276,0.2261,0.2274,3324735.0
1776229200000,0.2274,0.228,0.2232,0.2254,8256966.0
1776232800000,0.2254,0.2256,0.2236,0.2248,4845818.0
1776236400000,0.2248,0.2259,0.2234,0.224,6634293.0
1776240000000,0.2239,0.2259,0.2238,0.2249,5011886.0
1776243600000,0.225,0.2253,0.2238,0.2239,4163309.0
1776247200000,0.224,0.2264,0.2237,0.2247,4603232.0
1776250800000,0.2247,0.227,0.2246,0.2257,4723965.0
1776254400000,0.2257,0.229,0.2256,0.2276,7094452.0
1776258000000,0.2275,0.2276,0.2248,0.2256,7887463.0
1776261600000,0.2256,0.2288,0.2248,0.228,7769593.0
1776265200000,0.228,0.2287,0.2251,0.2269,7447456.0
1776268800000,0.227,0.2284,0.2268,0.228,6784513.0
1776272400000,0.2281,0.2298,0.2275,0.2293,6362789.0
1776276000000,0.2293,0.2311,0.2289,0.2309,7585483.0
1776279600000,0.2309,0.2335,0.2303,0.2325,10375168.0
1776283200000,0.2325,0.2328,0.2285,0.23,9711948.0
1776286800000,0.2299,0.2304,0.2276,0.2301,6195914.0
1776290400000,0.2301,0.2315,0.2288,0.2293,6352130.0
1776294000000,0.2292,0.2292,0.2274,0.2292,4424443.0
1776297600000,0.2292,0.2296,0.2271,0.2285,4106006.0
1776301200000,0.2285,0.2286,0.2269,0.2276,3591781.0
1776304800000,0.2276,0.2306,0.2275,0.2285,5488511.0
1776308400000,0.2285,0.232,0.2284,0.2315,6947531.0
1776312000000,0.2314,0.2329,0.2302,0.2309,6838459.0
1776315600000,0.2309,0.2313,0.2297,0.2311,4124284.0
1776319200000,0.2311,0.2322,0.2305,0.2318,5060224.0
1776322800000,0.2319,0.2333,0.2316,0.2331,6769016.0
1776326400000,0.2331,0.2333,0.2309,0.2311,6492239.0
1776330000000,0.231,0.2341,0.2306,0.2319,5853912.0
1776333600000,0.232,0.2326,0.23,0.23,6817798.0
1776337200000,0.2301,0.2326,0.2293,0.2322,8645599.0
1776340800000,0.2322,0.2337,0.2313,0.233,5469165.0
1776344400000,0.233,0.2359,0.228,0.2305,22534562.0
1776348000000,0.2306,0.2315,0.2263,0.2296,21696961.0
1776351600000,0.2296,0.2357,0.2281,0.2352,19046613.0
1776355200000,0.2352,0.2373,0.2312,0.2324,17541844.0
1776358800000,0.2324,0.2342,0.2308,0.2338,8580359.0
1776362400000,0.2338,0.2373,0.233,0.2371,11213992.0
1776366000000,0.2371,0.2438,0.2367,0.2421,23924144.0
1776369600000,0.2421,0.2435,0.2387,0.2403,17283204.0
1776373200000,0.2403,0.2412,0.2372,0.2401,9258512.0
1776376800000,0.2401,0.241,0.2385,0.2399,5351621.0
1776380400000,0.24,0.241,0.2381,0.2398,6530272.0
1776384000000,0.2398,0.2407,0.2376,0.2387,7017663.0
1776387600000,0.2388,0.2394,0.234,0.2361,10362130.0
1776391200000,0.236,0.2368,0.2328,0.2338,8659187.0
1776394800000,0.2339,0.2339,0.2312,0.2316,7110496.0
1776398400000,0.2316,0.2319,0.2304,0.2314,7599298.0
1776402000000,0.2314,0.2315,0.2288,0.2302,11664868.0
1776405600000,0.2302,0.2319,0.2291,0.2313,8307496.0
1776409200000,0.2312,0.2325,0.2304,0.2324,7185724.0
1776412800000,0.2323,0.2325,0.2304,0.2314,9211162.0
1776416400000,0.2313,0.2337,0.2294,0.2324,12461977.0
1776420000000,0.2323,0.2326,0.2284,0.2293,9147506.0
1776423600000,0.2292,0.2323,0.2292,0.231,9494059.0
1776427200000,0.231,0.2328,0.229,0.2328,12779726.0
1776430800000,0.2328,0.24,0.2318,0.2399,28358742.0
1776434400000,0.2399,0.24,0.2373,0.2388,21193584.0
1776438000000,0.2387,0.2389,0.2356,0.2374,21097817.0
1776441600000,0.2375,0.2415,0.2373,0.2414,15647072.0
1776445200000,0.2415,0.2419,0.2367,0.2381,13643067.0
1776448800000,0.2382,0.2386,0.2358,0.2369,10131375.0
1776452400000,0.237,0.2379,0.236,0.2362,4409707.0
1776456000000,0.2363,0.2369,0.2316,0.2338,10785449.0
1776459600000,0.2337,0.2353,0.2326,0.2333,5558668.0
1776463200000,0.2333,0.235,0.2324,0.2341,4075658.0
1776466800000,0.2341,0.2341,0.2296,0.2301,10276493.0
1776470400000,0.2302,0.2306,0.2285,0.23,12068175.0
1776474000000,0.23,0.2304,0.2273,0.228,8927079.0
1776477600000,0.2279,0.2298,0.2263,0.2288,10740918.0
1776481200000,0.2289,0.2297,0.2278,0.228,6039143.0
1776484800000,0.228,0.2297,0.2278,0.2289,7550292.0
1776488400000,0.2289,0.2311,0.2288,0.23,6768760.0
1776492000000,0.2299,0.2319,0.2286,0.2308,6755204.0
1776495600000,0.2307,0.2323,0.2307,0.2314,5153129.0
1776499200000,0.2313,0.2315,0.2276,0.2293,9477109.0
1776502800000,0.2293,0.2295,0.2273,0.228,7220511.0
1776506400000,0.228,0.228,0.2236,0.2258,21253374.0
1776510000000,0.2257,0.2258,0.2236,0.2248,11826311.0
1776513600000,0.2248,0.2259,0.2239,0.225,7915872.0
1776517200000,0.225,0.2266,0.2237,0.2264,7204291.0
1776520800000,0.2264,0.2273,0.2256,0.2263,5717013.0
1776524400000,0.2263,0.2271,0.2234,0.2242,9722521.0
1776528000000,0.2242,0.2243,0.2191,0.2205,22851089.0
1776531600000,0.2206,0.2206,0.2177,0.2189,17243332.0
1776535200000,0.2188,0.2189,0.2152,0.2165,20790688.0
1776538800000,0.2165,0.2193,0.2163,0.2186,8234398.0
1776542400000,0.2186,0.2188,0.2173,0.2183,6587986.0
1776546000000,0.2182,0.2196,0.2181,0.2185,4665214.0
1776549600000,0.2185,0.2186,0.2169,0.2175,3421759.0
1776553200000,0.2175,0.2186,0.2145,0.2148,8457315.0
1776556800000,0.2149,0.2153,0.2116,0.2147,13059480.0
1776560400000,0.2147,0.2155,0.2131,0.2142,3624904.0
1776564000000,0.2142,0.2156,0.213,0.2139,4968349.0
1776567600000,0.2139,0.215,0.2132,0.2144,3109030.0
1776571200000,0.2143,0.2161,0.2134,0.2144,4055293.0
1776574800000,0.2143,0.2149,0.2124,0.2125,5527067.0
1776578400000,0.2126,0.2149,0.2123,0.2148,4227554.0
1776582000000,0.2147,0.216,0.2132,0.2156,7061323.0
1776585600000,0.2155,0.2165,0.2134,0.2142,7578525.0
1776589200000,0.2142,0.2149,0.2131,0.2142,4764280.0
1776592800000,0.2141,0.2143,0.2133,0.2141,2770787.0
1776596400000,0.2141,0.2178,0.2139,0.217,11189012.0
1776600000000,0.217,0.2195,0.2167,0.2192,5827403.0
1776603600000,0.2191,0.2218,0.218,0.2183,11901794.0
1776607200000,0.2182,0.2203,0.2174,0.2182,6732180.0
1776610800000,0.2182,0.2184,0.2154,0.218,7287969.0
1776614400000,0.2181,0.2183,0.2148,0.2156,6502061.0
1776618000000,0.2155,0.2157,0.2122,0.2127,9494023.0
1776621600000,0.2126,0.2139,0.2122,0.2136,6243792.0
1776625200000,0.2137,0.2149,0.2129,0.2136,4158237.0
1776628800000,0.2136,0.2144,0.2125,0.2136,6793369.0
1776632400000,0.2135,0.2148,0.2129,0.2135,3433486.0
1776636000000,0.2134,0.2135,0.2095,0.2119,13528737.0
1776639600000,0.2119,0.2119,0.2081,0.2091,8735640.0
1776643200000,0.2092,0.2111,0.2087,0.2103,6314820.0
1776646800000,0.2103,0.2111,0.2088,0.2096,4521220.0
1776650400000,0.2096,0.2098,0.2067,0.2081,6592184.0
1776654000000,0.2081,0.2093,0.208,0.2086,3592328.0
1776657600000,0.2085,0.2087,0.2074,0.2082,3326672.0
1776661200000,0.2081,0.2082,0.2056,0.2062,6282537.0
1776664800000,0.2061,0.2095,0.2059,0.2079,5215225.0
1776668400000,0.208,0.2115,0.2079,0.2086,9067691.0
1776672000000,0.2085,0.2088,0.2067,0.2071,4278545.0
1776675600000,0.2071,0.2092,0.2069,0.2078,4318341.0
1776679200000,0.2079,0.21,0.2078,0.209,3856065.0
1776682800000,0.209,0.2108,0.2084,0.2095,4969686.0
1776686400000,0.2095,0.2131,0.2088,0.213,7972747.0
1776690000000,0.213,0.2131,0.2106,0.2115,6224801.0
1776693600000,0.2115,0.2141,0.2097,0.2102,7683114.0
1776697200000,0.2102,0.2126,0.209,0.2115,7721214.0
1776700800000,0.2116,0.2119,0.2101,0.2107,5799891.0
1776704400000,0.2107,0.2128,0.2103,0.2125,4793359.0
1776708000000,0.2124,0.2153,0.2124,0.2138,11542011.0
1776711600000,0.2138,0.2143,0.2118,0.2128,5727342.0
1776715200000,0.2127,0.2145,0.2123,0.2142,5425418.0
1776718800000,0.2143,0.2144,0.2112,0.2122,5082822.0
1776722400000,0.2123,0.2128,0.211,0.2115,2376858.0
1776726000000,0.2115,0.2115,0.21,0.2109,3887001.0
1776729600000,0.2109,0.2116,0.2098,0.2113,3937092.0
1776733200000,0.2114,0.212,0.2098,0.21,3332096.0
1776736800000,0.21,0.2101,0.2086,0.2092,3864710.0
1776740400000,0.2093,0.2097,0.2082,0.2091,3771163.0
1776744000000,0.2092,0.2106,0.2087,0.2104,3925816.0
1776747600000,0.2104,0.2136,0.2103,0.2128,5484392.0
1776751200000,0.2129,0.2139,0.2118,0.2121,6016658.0
1776754800000,0.212,0.2136,0.2112,0.2129,4742711.0
1776758400000,0.2128,0.2145,0.2124,0.213,5359106.0
1776762000000,0.2129,0.2135,0.2118,0.2123,4113296.0
1776765600000,0.2123,0.2154,0.2123,0.2144,9237721.0
1776769200000,0.2143,0.2154,0.2131,0.2139,6600093.0
1776772800000,0.2138,0.2151,0.2105,0.2111,10864303.0
1776776400000,0.211,0.212,0.2102,0.2118,4988352.0
1776780000000,0.2118,0.2136,0.2103,0.2105,6588153.0
1776783600000,0.2104,0.2111,0.2089,0.2099,9662763.0
1776787200000,0.2099,0.2106,0.2085,0.2089,5627091.0
1776790800000,0.2089,0.2095,0.2065,0.2078,9791071.0
1776794400000,0.2078,0.2082,0.2051,0.2065,7855257.0
1776798000000,0.2065,0.2079,0.2044,0.2047,8202570.0
1776801600000,0.2047,0.2087,0.2042,0.2077,11029857.0
1776805200000,0.2077,0.2083,0.2066,0.2076,2533484.0
1776808800000,0.2076,0.2084,0.2064,0.2072,2493368.0
1776812400000,0.2072,0.2101,0.2072,0.2095,3678170.0
1776816000000,0.2095,0.2107,0.2087,0.2102,4044132.0
1776819600000,0.2102,0.2108,0.2096,0.2101,2495949.0
1776823200000,0.2101,0.215,0.2097,0.2146,8949781.0
1776826800000,0.2146,0.215,0.212,0.2126,7346956.0
1776830400000,0.2125,0.2137,0.2122,0.2135,3407368.0
1776834000000,0.2135,0.2176,0.213,0.2157,12085183.0
1776837600000,0.2157,0.2163,0.2144,0.2152,5742851.0
1776841200000,0.2152,0.2155,0.2141,0.215,4850088.0
1776844800000,0.2149,0.2156,0.2143,0.2147,3659373.0
1776848400000,0.2146,0.2157,0.2142,0.2144,3182814.0
1776852000000,0.2144,0.215,0.2136,0.2139,4534748.0
1776855600000,0.2139,0.2146,0.2136,0.2145,3279676.0
1776859200000,0.2145,0.2149,0.2122,0.2131,5791549.0
1776862800000,0.213,0.2152,0.2123,0.2147,7171282.0
1776866400000,0.2147,0.2162,0.2141,0.2148,9022159.0
1776870000000,0.2149,0.2158,0.214,0.214,4214568.0
1776873600000,0.2141,0.2147,0.2114,0.2124,8535603.0
1776877200000,0.2123,0.2136,0.2114,0.2125,4007090.0
1776880800000,0.2125,0.2134,0.2117,0.2119,2516141.0
1776884400000,0.2118,0.2118,0.2081,0.2094,8170398.0
1776888000000,0.2094,0.2102,0.2082,0.2084,3153807.0
1776891600000,0.2084,0.2113,0.2084,0.2106,4173341.0
1776895200000,0.2105,0.2111,0.2085,0.209,3588106.0
1776898800000,0.209,0.2092,0.2063,0.2065,4959984.0
1776902400000,0.2064,0.2071,0.2036,0.2065,12599341.0
1776906000000,0.2065,0.2067,0.2047,0.2062,3952580.0
1776909600000,0.2061,0.2065,0.2039,0.205,4229559.0
1776913200000,0.2051,0.2062,0.2041,0.2056,4549468.0
1776916800000,0.2056,0.2075,0.2054,0.207,5103485.0
1776920400000,0.207,0.2082,0.2063,0.2072,4509833.0
1776924000000,0.2072,0.2105,0.2069,0.2096,4792394.0
1776927600000,0.2096,0.21,0.2074,0.2077,5680285.0
1776931200000,0.2078,0.2091,0.2076,0.2088,3432164.0
1776934800000,0.2089,0.2089,0.2065,0.2074,4268906.0
1776938400000,0.2074,0.2077,0.2058,0.2064,5231342.0
1776942000000,0.2064,0.2096,0.2064,0.209,4259421.0
1776945600000,0.2089,0.2101,0.2077,0.2084,5887926.0
1776949200000,0.2084,0.2086,0.2067,0.2073,3658666.0
1776952800000,0.2073,0.2103,0.2065,0.2097,4711994.0
1776956400000,0.2097,0.2116,0.2089,0.2111,7831308.0
1776960000000,0.2112,0.2115,0.2085,0.2088,4140319.0
1776963600000,0.2087,0.209,0.2053,0.2074,10334583.0
1776967200000,0.2075,0.2086,0.2071,0.2074,4157640.0
1776970800000,0.2074,0.2092,0.2069,0.2085,4173871.0
1776974400000,0.2084,0.2114,0.2082,0.2094,5720241.0
1776978000000,0.2094,0.2102,0.2075,0.209,4908033.0
1776981600000,0.209,0.2106,0.209,0.2096,4122354.0
1776985200000,0.2095,0.2099,0.2088,0.2096,2598812.0
1776988800000,0.2096,0.2117,0.2096,0.2116,5445832.0
1776992400000,0.2116,0.2116,0.2088,0.2108,5260515.0
1776996000000,0.2107,0.211,0.2088,0.2094,3067395.0
1776999600000,0.2095,0.2096,0.2072,0.2084,4169549.0
1777003200000,0.2083,0.2087,0.2075,0.2082,2415980.0
1777006800000,0.2081,0.2102,0.2076,0.2096,2115549.0
1777010400000,0.2095,0.2105,0.2087,0.2091,2558389.0
1777014000000,0.2091,0.2098,0.2081,0.209,2788739.0
1777017600000,0.2089,0.2102,0.2084,0.2095,2887350.0
1777021200000,0.2094,0.2096,0.2079,0.2083,2348304.0
1777024800000,0.2083,0.2105,0.2078,0.2101,4129281.0
1777028400000,0.2102,0.2115,0.21,0.2108,5580969.0
1777032000000,0.2108,0.2114,0.2095,0.2101,6319148.0
1777035600000,0.2101,0.2108,0.2086,0.2092,5286193.0
1777039200000,0.2091,0.2098,0.2083,0.2091,4496964.0
1777042800000,0.2091,0.2108,0.2078,0.2106,6047378.0
1777046400000,0.2106,0.2107,0.208,0.209,5115207.0
1777050000000,0.2089,0.2095,0.2082,0.209,4195482.0
1777053600000,0.209,0.2099,0.208,0.2089,4280304.0
1777057200000,0.2089,0.2095,0.2084,0.2093,3147869.0
1777060800000,0.2093,0.2105,0.2084,0.2102,4372895.0
1777064400000,0.2102,0.2103,0.2089,0.2094,3419592.0
1777068000000,0.2094,0.2095,0.2073,0.2075,3818667.0
1777071600000,0.2075,0.2087,0.2069,0.2082,2665431.0
1777075200000,0.2082,0.2086,0.2071,0.208,2367382.0
1777078800000,0.208,0.2091,0.2078,0.2084,2028648.0
1777082400000,0.2084,0.2093,0.2079,0.209,1919518.0
1777086000000,0.2091,0.21,0.209,0.2097,2556515.0
1777089600000,0.2098,0.2105,0.2088,0.2088,3679643.0
1777093200000,0.2089,0.2097,0.2081,0.2095,2502522.0
1777096800000,0.2096,0.2109,0.2095,0.21,3218589.0
1777100400000,0.2101,0.2105,0.2093,0.2093,2701378.0
1777104000000,0.2093,0.2096,0.2087,0.2095,3163341.0
1777107600000,0.2095,0.2104,0.2089,0.2102,3611845.0
1777111200000,0.2101,0.2107,0.2095,0.21,3405764.0
1777114800000,0.2101,0.2101,0.2083,0.2088,3163200.0
1777118400000,0.2088,0.209,0.2077,0.2082,4731957.0
1777122000000,0.2082,0.209,0.208,0.2084,1896324.0
1777125600000,0.2084,0.2092,0.2078,0.2079,2451419.0
1777129200000,0.2079,0.2088,0.2073,0.208,3779674.0
1777132800000,0.2079,0.2088,0.2074,0.208,3267190.0
1777136400000,0.208,0.2085,0.2062,0.2064,4960428.0
1777140000000,0.2063,0.2072,0.2062,0.2065,1942951.0
1777143600000,0.2065,0.2067,0.2056,0.2062,2765202.0
1777147200000,0.2062,0.2072,0.2055,0.207,2660481.0
1777150800000,0.2071,0.2078,0.2065,0.207,2274477.0
1777154400000,0.2071,0.2079,0.2068,0.2074,1307174.0
1777158000000,0.2074,0.2088,0.2072,0.2087,1941365.0
1777161600000,0.2087,0.209,0.2073,0.2079,2414635.0
1777165200000,0.2078,0.208,0.2065,0.2066,2719296.0
1777168800000,0.2066,0.2084,0.2066,0.2082,2062802.0
1777172400000,0.2082,0.2093,0.2077,0.209,3252736.0
1777176000000,0.2091,0.2105,0.2088,0.2099,3767846.0
1777179600000,0.2099,0.2122,0.2096,0.2112,6728633.0
1777183200000,0.2112,0.2119,0.2098,0.2104,4263007.0
1777186800000,0.2104,0.2117,0.2102,0.2115,3361676.0
1777190400000,0.2115,0.212,0.2102,0.211,3325392.0
1777194000000,0.211,0.2111,0.2097,0.2103,3421662.0
1777197600000,0.2103,0.2106,0.2097,0.2105,3865933.0
1777201200000,0.2105,0.2119,0.2101,0.2113,2990539.0
1777204800000,0.2113,0.2114,0.2088,0.2089,3703667.0
1777208400000,0.209,0.21,0.2086,0.2094,3101658.0
1777212000000,0.2094,0.2107,0.2088,0.2099,4227514.0
1777215600000,0.2099,0.2105,0.2094,0.2103,2640762.0
1777219200000,0.2104,0.2105,0.209,0.2092,2724647.0
1777222800000,0.2091,0.2104,0.2086,0.2102,2051283.0
1777226400000,0.2102,0.2109,0.2101,0.2104,2453000.0
1777230000000,0.2105,0.212,0.2102,0.211,4368520.0
1777233600000,0.211,0.2121,0.2105,0.2105,2534078.0
1777237200000,0.2106,0.2115,0.2094,0.2111,4052727.0
1777240800000,0.2111,0.2121,0.2102,0.2108,3636205.0
1777244400000,0.2108,0.2126,0.2106,0.2117,3387986.0
1777248000000,0.2117,0.2142,0.2113,0.214,5129316.0
1777251600000,0.2141,0.2155,0.213,0.2154,5848760.0
1777255200000,0.2154,0.2155,0.2137,0.2146,3472852.0
1777258800000,0.2146,0.2153,0.214,0.214,4477522.0
1777262400000,0.2141,0.2142,0.2125,0.213,3943343.0
1777266000000,0.213,0.2131,0.2076,0.2083,15716729.0
1777269600000,0.2083,0.2093,0.2062,0.2076,13352999.0
1777273200000,0.2075,0.2091,0.2074,0.2077,6993996.0
1777276800000,0.2077,0.2092,0.207,0.2087,5138115.0
1777280400000,0.2087,0.209,0.2082,0.2086,4092915.0
1777284000000,0.2086,0.2089,0.2072,0.2074,3521388.0
1777287600000,0.2075,0.2075,0.2064,0.2073,6780685.0
1777291200000,0.2073,0.2082,0.207,0.2072,5383101.0
1777294800000,0.2072,0.2079,0.2061,0.2071,6262138.0
1777298400000,0.207,0.2094,0.2066,0.2082,5284612.0
1777302000000,0.2082,0.2082,0.2031,0.2052,18881993.0
1777305600000,0.2051,0.2064,0.2048,0.2056,7347692.0
1777309200000,0.2056,0.2072,0.2056,0.2061,3902737.0
1777312800000,0.2061,0.207,0.2059,0.2063,3075991.0
1777316400000,0.2062,0.2068,0.2041,0.2045,5851363.0
1777320000000,0.2046,0.2055,0.2045,0.2048,3155382.0
1777323600000,0.2047,0.2057,0.204,0.2048,4823342.0
1777327200000,0.2048,0.2059,0.2045,0.2056,2121669.0
1777330800000,0.2057,0.2064,0.2052,0.2059,2540350.0
1777334400000,0.2059,0.2061,0.2047,0.2052,4236897.0
1777338000000,0.2052,0.2053,0.204,0.2042,3231047.0
1777341600000,0.2043,0.2048,0.2021,0.2027,5962241.0
1777345200000,0.2028,0.2028,0.2015,0.2022,7602273.0
1777348800000,0.2022,0.203,0.2017,0.2025,3390949.0
1777352400000,0.2025,0.2035,0.2022,0.2028,3446033.0
1777356000000,0.2029,0.2038,0.2019,0.2025,3789675.0
1777359600000,0.2025,0.2031,0.2011,0.2022,5404752.0
1777363200000,0.2022,0.2036,0.2017,0.2021,2668839.0
1777366800000,0.2022,0.2024,0.2001,0.201,6532093.0
1777370400000,0.201,0.2016,0.2002,0.2006,4252188.0
1777374000000,0.2006,0.2008,0.1985,0.1989,11624325.0
1777377600000,0.199,0.1997,0.1978,0.1988,11071733.0
1777381200000,0.1988,0.2001,0.1973,0.199,11311306.0
1777384800000,0.1989,0.199,0.1958,0.1971,14439598.0
1777388400000,0.1971,0.198,0.1953,0.1961,13071557.0
1777392000000,0.1961,0.197,0.195,0.1958,10923443.0
1777395600000,0.1958,0.1962,0.1934,0.1955,12313955.0
1777399200000,0.1956,0.1982,0.1955,0.1981,6834441.0
1777402800000,0.1982,0.1982,0.1968,0.1977,4310534.0
1777406400000,0.1978,0.1985,0.1975,0.1978,2750208.0
1777410000000,0.1978,0.1987,0.1968,0.1975,3954381.0
1777413600000,0.1976,0.1979,0.1957,0.1964,3745128.0
1777417200000,0.1963,0.1964,0.1951,0.1962,4000498.0
1777420800000,0.1962,0.1968,0.1953,0.1958,2940671.0
1777424400000,0.1958,0.1981,0.1954,0.1972,3602217.0
1777428000000,0.1973,0.1987,0.1969,0.1983,4642827.0
1777431600000,0.1984,0.2008,0.1982,0.2006,7112922.0
1777435200000,0.2006,0.2014,0.1996,0.2005,5979903.0
1777438800000,0.2005,0.2012,0.2,0.2004,4876438.0
1777442400000,0.2004,0.2009,0.1982,0.199,5461442.0
1777446000000,0.199,0.2006,0.1988,0.1998,5049312.0
1777449600000,0.1999,0.2005,0.1988,0.1994,4861141.0
1777453200000,0.1994,0.2036,0.1992,0.2033,11972726.0
1777456800000,0.2034,0.205,0.2023,0.2024,10047678.0
1777460400000,0.2023,0.2024,0.2013,0.2015,6226873.0
1777464000000,0.2016,0.2018,0.1983,0.1994,9778168.0
1777467600000,0.1993,0.2006,0.1968,0.198,12949661.0
1777471200000,0.1979,0.1993,0.1967,0.1975,7069275.0
1777474800000,0.1976,0.1978,0.1942,0.1952,13035207.0
1777478400000,0.1951,0.1963,0.1949,0.1949,8363587.0
1777482000000,0.195,0.1969,0.1949,0.1969,6019429.0
1777485600000,0.197,0.1972,0.1907,0.194,26596952.0
1777489200000,0.194,0.1943,0.1928,0.194,4152035.0
1777492800000,0.194,0.1966,0.194,0.1956,5948398.0
1777496400000,0.1956,0.1982,0.1954,0.1971,3919474.0
1777500000000,0.1971,0.1983,0.1968,0.197,4894258.0
1777503600000,0.197,0.199,0.1963,0.1988,3236228.0
1777507200000,0.1988,0.2004,0.1979,0.1997,5540825.0
1777510800000,0.1998,0.2005,0.1988,0.2002,4093413.0
1777514400000,0.2002,0.2009,0.1976,0.1979,6655890.0
1777518000000,0.198,0.1997,0.1979,0.1996,2894457.0
1777521600000,0.1995,0.1995,0.1964,0.1971,5497776.0
1777525200000,0.1972,0.198,0.1957,0.1963,4285283.0
1777528800000,0.1964,0.1968,0.1949,0.1962,5834402.0
1777532400000,0.1962,0.1971,0.196,0.197,2807072.0
1777536000000,0.197,0.1971,0.1958,0.1959,2484999.0
1777539600000,0.1958,0.1973,0.1956,0.1967,4317899.0
1777543200000,0.1967,0.1968,0.1952,0.1962,2359076.0
1777546800000,0.1962,0.1972,0.1953,0.1964,3347595.0
1777550400000,0.1964,0.1974,0.1956,0.1961,3838868.0
1777554000000,0.196,0.1972,0.1954,0.1965,5577964.0
1777557600000,0.1964,0.197,0.1949,0.1957,7261460.0
1777561200000,0.1956,0.1975,0.1951,0.1969,3863308.0
1777564800000,0.1968,0.1973,0.1953,0.1956,3262396.0
1777568400000,0.1956,0.1965,0.1948,0.1963,2904559.0
1777572000000,0.1963,0.197,0.1957,0.1964,1993240.0
1777575600000,0.1965,0.1969,0.1955,0.1955,2220735.0
1777579200000,0.1956,0.1961,0.195,0.1957,2172782.0
1777582800000,0.1957,0.1962,0.1954,0.1955,1911196.0
1777586400000,0.1954,0.1962,0.1947,0.1949,2372350.0
1777590000000,0.195,0.1956,0.1949,0.1955,2723989.0
1777593600000,0.1955,0.1966,0.1952,0.1955,3896737.0
1777597200000,0.1954,0.197,0.1954,0.1967,2183869.0
1777600800000,0.1968,0.1972,0.1962,0.1966,2844984.0
1777604400000,0.1965,0.1986,0.1961,0.1974,4139132.0
1777608000000,0.1974,0.1986,0.197,0.1979,3620887.0
1777611600000,0.1979,0.1995,0.1975,0.1991,3291028.0
1777615200000,0.1991,0.1996,0.1978,0.1978,3272726.0
1777618800000,0.1978,0.1986,0.1973,0.1979,2811350.0
1777622400000,0.198,0.1993,0.1977,0.1986,3488648.0
1777626000000,0.1986,0.1986,0.1968,0.1976,3897204.0
1777629600000,0.1976,0.1991,0.1973,0.1983,6493816.0
1777633200000,0.1983,0.199,0.1973,0.1981,2407762.0
1777636800000,0.1981,0.2008,0.1978,0.1999,10014136.0
1777640400000,0.1999,0.2017,0.1999,0.2013,14933049.0
1777644000000,0.2012,0.2017,0.1992,0.2007,7120269.0
1777647600000,0.2006,0.2015,0.1995,0.2009,6091362.0
1777651200000,0.2008,0.2016,0.1997,0.2009,6484780.0
1777654800000,0.2008,0.201,0.1996,0.2007,5047984.0
1777658400000,0.2006,0.2011,0.2001,0.2003,2442457.0
1777662000000,0.2002,0.2008,0.1998,0.1999,1701364.0
1777665600000,0.1999,0.2002,0.1978,0.1983,5682864.0
1777669200000,0.1983,0.1989,0.1976,0.1984,4486514.0
1777672800000,0.1984,0.1996,0.1973,0.198,3855978.0
1777676400000,0.198,0.1984,0.1969,0.1979,2848593.0
1777680000000,0.198,0.1994,0.1979,0.1992,2822614.0
1777683600000,0.1992,0.1999,0.1987,0.1994,1797607.0
1777687200000,0.1994,0.2,0.1989,0.1992,2541819.0
1777690800000,0.1991,0.1997,0.1987,0.1991,1797200.0
1777694400000,0.199,0.1992,0.1984,0.1985,1556715.0
1777698000000,0.1986,0.199,0.1976,0.1979,3171759.0
1777701600000,0.198,0.1986,0.1977,0.1986,1798538.0
1777705200000,0.1985,0.1991,0.1984,0.1988,1867326.0
1777708800000,0.1989,0.1989,0.1981,0.1987,2079262.0
1777712400000,0.1987,0.2001,0.1986,0.1998,3775533.0
1777716000000,0.1998,0.2002,0.1993,0.1995,2436992.0
1777719600000,0.1995,0.1995,0.1985,0.1989,2230915.0
1777723200000,0.1989,0.1998,0.1986,0.199,2843247.0
1777726800000,0.199,0.2007,0.199,0.2005,4044263.0
1777730400000,0.2006,0.2035,0.2002,0.2032,9616231.0
1777734000000,0.2031,0.2048,0.2027,0.2045,10056731.0
1777737600000,0.2045,0.2052,0.2031,0.2039,5915295.0
1777741200000,0.2039,0.204,0.2022,0.2025,3708223.0
1777744800000,0.2024,0.2048,0.2019,0.2042,5285020.0
1777748400000,0.2042,0.209,0.2038,0.2089,10084411.0
1777752000000,0.2089,0.2097,0.2072,0.2094,12942391.0
1777755600000,0.2094,0.2097,0.2075,0.2076,6107027.0
1777759200000,0.2076,0.2086,0.207,0.2082,6340521.0
1777762800000,0.2081,0.2082,0.2063,0.2073,4451949.0
1777766400000,0.2073,0.2079,0.2054,0.2059,5059130.0
1777770000000,0.2059,0.206,0.2033,0.2047,6149902.0
1777773600000,0.2047,0.2051,0.2032,0.204,3476240.0
1777777200000,0.2039,0.2046,0.203,0.2037,3278177.0
1777780800000,0.2037,0.2049,0.2034,0.2039,4218886.0
1777784400000,0.2039,0.205,0.2031,0.205,3988108.0
1777788000000,0.2049,0.2066,0.2044,0.2058,4823672.0
1777791600000,0.2058,0.209,0.2058,0.2084,6801049.0
1777795200000,0.2084,0.2094,0.2071,0.2073,5529043.0
1777798800000,0.2072,0.2074,0.2055,0.2069,5396246.0
1777802400000,0.2069,0.2078,0.2064,0.2067,6105315.0
1777806000000,0.2067,0.209,0.2062,0.2081,5191646.0
1777809600000,0.2081,0.2115,0.208,0.2106,10533758.0
1777813200000,0.2106,0.2113,0.2089,0.2091,10690119.0
1777816800000,0.209,0.211,0.2087,0.2103,7417613.0
1777820400000,0.2103,0.2112,0.2078,0.2085,6905481.0
1777824000000,0.2085,0.2091,0.2068,0.2083,6642436.0
1777827600000,0.2083,0.2083,0.2068,0.207,4820139.0
1777831200000,0.207,0.2078,0.2065,0.2067,2359217.0
1777834800000,0.2067,0.208,0.206,0.2077,4680167.0
1777838400000,0.2077,0.2089,0.2072,0.2084,4666731.0
1777842000000,0.2084,0.2087,0.2062,0.2067,4483089.0
1777845600000,0.2067,0.2086,0.2065,0.2079,5085345.0
1777849200000,0.2078,0.2082,0.2054,0.2057,5274385.0
1777852800000,0.2057,0.2062,0.2035,0.2058,7449122.0
1777856400000,0.2058,0.2079,0.204,0.2078,8804232.0
1777860000000,0.2079,0.2112,0.2073,0.2106,10216265.0
1777863600000,0.2106,0.2113,0.209,0.2107,4999924.0
1777867200000,0.2107,0.2114,0.21,0.2103,7649889.0
1777870800000,0.2104,0.2104,0.2087,0.2102,6444919.0
1777874400000,0.2102,0.2103,0.2076,0.2089,7448324.0
1777878000000,0.2089,0.209,0.2072,0.208,4525127.0
1777881600000,0.2079,0.2081,0.2066,0.2069,4636000.0
1777885200000,0.2068,0.2106,0.2067,0.2097,5365052.0
1777888800000,0.2097,0.2101,0.2013,0.2025,31563144.0
1777892400000,0.2025,0.2034,0.2013,0.2022,7579995.0
1777896000000,0.2022,0.2038,0.2011,0.2027,14822848.0
1777899600000,0.2026,0.2046,0.2006,0.2032,9252951.0
1777903200000,0.2033,0.2082,0.2021,0.2074,14575761.0
1777906800000,0.2075,0.2075,0.2028,0.2047,15543906.0
1777910400000,0.2047,0.2056,0.203,0.2037,11985861.0
1777914000000,0.2038,0.2066,0.2035,0.2057,7053556.0
1777917600000,0.2057,0.2062,0.2036,0.2048,3781875.0
1777921200000,0.2049,0.2055,0.2039,0.2042,6378703.0
1777924800000,0.2042,0.2043,0.2029,0.2029,5956686.0
1777928400000,0.2029,0.2057,0.2029,0.2052,3430657.0
1777932000000,0.2052,0.206,0.2041,0.2043,3776370.0
1777935600000,0.2043,0.2044,0.2033,0.2038,4842903.0
1777939200000,0.2038,0.2051,0.2037,0.2048,3203685.0
1777942800000,0.2049,0.2076,0.2047,0.2066,4986865.0
1777946400000,0.2066,0.2082,0.2061,0.2069,5760572.0
1777950000000,0.207,0.2098,0.2063,0.2097,5975758.0
1777953600000,0.2097,0.2106,0.2085,0.2094,7346358.0
1777957200000,0.2093,0.2094,0.2078,0.2081,4515442.0
1777960800000,0.2081,0.2083,0.2068,0.2077,4443260.0
1777964400000,0.2077,0.2083,0.207,0.2079,3645732.0
1777968000000,0.2078,0.2093,0.2075,0.2093,3936251.0
1777971600000,0.2093,0.2093,0.2073,0.2081,4044437.0
1777975200000,0.208,0.2093,0.2075,0.2089,8177226.0
1777978800000,0.2089,0.2095,0.2075,0.2093,4367966.0
1777982400000,0.2093,0.2104,0.2084,0.21,4951365.0
1777986000000,0.21,0.2134,0.21,0.2108,14905547.0
1777989600000,0.2108,0.2116,0.2088,0.2107,9597941.0
1777993200000,0.2107,0.214,0.2103,0.2125,10092588.0
1777996800000,0.2126,0.2168,0.2126,0.213,16984453.0
1778000400000,0.2129,0.2139,0.212,0.2133,4482230.0
1778004000000,0.2133,0.2147,0.2126,0.2144,6971718.0
1778007600000,0.2144,0.2174,0.2141,0.2158,7983015.0
1778011200000,0.2157,0.2175,0.2148,0.2174,9802382.0
1778014800000,0.2174,0.2204,0.2151,0.2159,13312219.0
1778018400000,0.2159,0.218,0.2148,0.216,9384015.0
1778022000000,0.216,0.2165,0.2134,0.2148,5553692.0
1778025600000,0.2147,0.2156,0.2125,0.2142,5815410.0
1778029200000,0.2142,0.2181,0.2139,0.2175,5326593.0
1778032800000,0.2175,0.2175,0.2147,0.2168,4763327.0
1778036400000,0.2168,0.223,0.2164,0.2224,10623859.0
1778040000000,0.2224,0.2258,0.2212,0.2234,19388978.0
1778043600000,0.2233,0.2238,0.2195,0.2218,10092806.0
1778047200000,0.2218,0.2221,0.2189,0.221,8449206.0
1778050800000,0.221,0.2258,0.2204,0.2248,11268002.0
1778054400000,0.2247,0.2274,0.2242,0.2254,11068671.0
1778058000000,0.2253,0.2255,0.2229,0.2244,8396260.0
1778061600000,0.2244,0.2248,0.2233,0.2237,7188359.0
1778065200000,0.2237,0.2245,0.2223,0.2237,6949733.0
1778068800000,0.2238,0.2257,0.2218,0.2234,9397985.0
1778072400000,0.2233,0.2233,0.2173,0.2183,20550918.0
1778076000000,0.2183,0.2208,0.2154,0.2203,16346176.0
1778079600000,0.2204,0.2247,0.2196,0.2238,12185048.0
1778083200000,0.2237,0.2272,0.2227,0.2251,15690445.0
1778086800000,0.225,0.2254,0.2225,0.2241,9510227.0
1778090400000,0.2241,0.225,0.2227,0.2235,6984558.0
1778094000000,0.2235,0.2245,0.2217,0.2237,4105147.0
1778097600000,0.2238,0.2259,0.2233,0.2249,4248239.0
1778101200000,0.2249,0.2274,0.2239,0.2262,3904964.0
1778104800000,0.2262,0.2263,0.2236,0.2241,4368125.0
1778108400000,0.2241,0.226,0.2228,0.2258,3051899.0
1778112000000,0.2257,0.226,0.2217,0.2223,6601514.0
1778115600000,0.2224,0.2226,0.2194,0.2202,8364575.0
1778119200000,0.2202,0.2213,0.2184,0.2205,8199524.0
1778122800000,0.2204,0.2211,0.2192,0.2198,7144831.0
1778126400000,0.2198,0.2236,0.2194,0.2235,8674229.0
1778130000000,0.2235,0.2249,0.2224,0.223,8798160.0
1778133600000,0.2229,0.2271,0.2217,0.2269,7323942.0
1778137200000,0.227,0.2319,0.2244,0.2315,32153258.0
1778140800000,0.2315,0.233,0.2279,0.2286,13444769.0
1778144400000,0.2286,0.2287,0.2265,0.2272,6907473.0
1778148000000,0.2272,0.228,0.2244,0.2262,6730299.0
1778151600000,0.2263,0.228,0.2251,0.2262,5238985.0
1778155200000,0.2261,0.2281,0.2253,0.2274,7648810.0
1778158800000,0.2273,0.2274,0.2229,0.2235,9569317.0
1778162400000,0.2235,0.2249,0.2196,0.2222,15046350.0
1778166000000,0.2222,0.2226,0.2191,0.2209,5595998.0
1778169600000,0.2209,0.2219,0.2195,0.2202,7198118.0
1778173200000,0.2203,0.222,0.2179,0.2209,8113795.0
1778176800000,0.2209,0.222,0.2194,0.2205,4699120.0
1778180400000,0.2204,0.2216,0.2194,0.221,3574398.0
1778184000000,0.2211,0.2225,0.2193,0.2197,12770378.0
1778187600000,0.2196,0.2209,0.2183,0.2192,3873423.0
1778191200000,0.2191,0.2196,0.2178,0.2191,4080006.0
1778194800000,0.219,0.2211,0.2189,0.2206,2142167.0
1778198400000,0.2207,0.2218,0.2203,0.2216,3176661.0
1778202000000,0.2217,0.2223,0.2198,0.2209,3304213.0
1778205600000,0.221,0.2226,0.219,0.2211,4400512.0
1778209200000,0.2211,0.2246,0.2195,0.2238,8017275.0
1778212800000,0.2237,0.2267,0.2235,0.2245,6441039.0
1778216400000,0.2246,0.226,0.2241,0.2244,4013179.0
1778220000000,0.2244,0.2247,0.2231,0.2236,3990635.0
1778223600000,0.2235,0.2247,0.2215,0.2234,7719180.0
1778227200000,0.2234,0.2259,0.2231,0.225,6366223.0
1778230800000,0.225,0.2279,0.2241,0.2267,11030199.0
1778234400000,0.2267,0.2291,0.226,0.228,12053696.0
1778238000000,0.228,0.2286,0.227,0.2276,5047783.0
1778241600000,0.2276,0.2284,0.2248,0.2252,7139855.0
1778245200000,0.2253,0.2258,0.2219,0.2243,10681082.0
1778248800000,0.2243,0.2275,0.224,0.2264,7212021.0
1778252400000,0.2264,0.2293,0.2259,0.229,8228899.0
1778256000000,0.2291,0.2297,0.2266,0.2294,11362142.0
1778259600000,0.2294,0.2349,0.2285,0.2329,15427004.0
1778263200000,0.2329,0.2359,0.2326,0.2327,12291481.0
1778266800000,0.2327,0.2337,0.2307,0.2312,7424760.0
1778270400000,0.2313,0.2341,0.2306,0.2327,6693481.0
1778274000000,0.2328,0.2364,0.2326,0.2362,6852441.0
1778277600000,0.2362,0.2364,0.2334,0.2342,3867870.0
1778281200000,0.2342,0.2345,0.2324,0.2337,3536721.0
1778284800000,0.2336,0.2347,0.2324,0.2338,5878915.0
1778288400000,0.2337,0.2358,0.2336,0.2343,6094896.0
1778292000000,0.2342,0.2395,0.234,0.2391,12697074.0
1778295600000,0.239,0.2437,0.2389,0.2405,16485208.0
1778299200000,0.2406,0.2422,0.2391,0.2393,12288456.0
1778302800000,0.2392,0.2402,0.2381,0.2388,4700596.0
1778306400000,0.2389,0.2416,0.2376,0.2384,11860962.0
1778310000000,0.2385,0.2393,0.2368,0.2372,5743255.0
1778313600000,0.2372,0.2388,0.2371,0.2377,5989759.0
1778317200000,0.2378,0.2379,0.2339,0.2353,10208922.0
1778320800000,0.2353,0.2368,0.2338,0.2365,5028291.0
1778324400000,0.2364,0.2404,0.2363,0.2388,7535867.0
1778328000000,0.2387,0.2403,0.2376,0.2388,4417263.0
1778331600000,0.2388,0.2407,0.2377,0.2387,6078363.0
1778335200000,0.2388,0.239,0.2302,0.2307,22181736.0
1778338800000,0.2308,0.2328,0.2283,0.2316,15739129.0
1778342400000,0.2317,0.2333,0.2307,0.2323,6679125.0
1778346000000,0.2323,0.2354,0.2322,0.2343,5620890.0
1778349600000,0.2343,0.2353,0.2341,0.2345,2381042.0
1778353200000,0.2345,0.2354,0.2335,0.2354,2297948.0
1778356800000,0.2354,0.2358,0.2339,0.234,2348576.0
1778360400000,0.2341,0.2343,0.2323,0.2333,3690249.0
1778364000000,0.2333,0.234,0.2325,0.2331,2742955.0
1778367600000,0.2332,0.2335,0.2315,0.232,1728345.0
1778371200000,0.2321,0.2326,0.2304,0.2308,6699602.0
1778374800000,0.2307,0.2308,0.2288,0.2301,4575544.0
1778378400000,0.2301,0.2316,0.2286,0.231,4697757.0
1778382000000,0.231,0.232,0.2303,0.231,4260765.0
1778385600000,0.231,0.2326,0.2304,0.2312,3018292.0
1778389200000,0.2312,0.2325,0.2305,0.2315,3948720.0
1778392800000,0.2314,0.232,0.231,0.2317,2053872.0
1778396400000,0.2317,0.2346,0.2317,0.2334,4366552.0
1778400000000,0.2335,0.2353,0.2332,0.234,4277662.0
1778403600000,0.2341,0.2348,0.2329,0.2331,3407485.0
1778407200000,0.2331,0.2335,0.2314,0.2334,4670028.0
1778410800000,0.2334,0.2342,0.2316,0.2321,6681706.0
1778414400000,0.2321,0.2332,0.2306,0.2327,4119971.0
1778418000000,0.2327,0.2364,0.2327,0.2357,10987679.0
1778421600000,0.2357,0.2365,0.2343,0.2355,6321484.0
1778425200000,0.2356,0.2386,0.2355,0.2382,7732159.0
1778428800000,0.2382,0.2408,0.2378,0.24,11857216.0
1778432400000,0.2399,0.242,0.2383,0.2416,11976027.0
1778436000000,0.2416,0.2437,0.2412,0.2424,11058922.0
1778439600000,0.2423,0.2487,0.2408,0.2473,15385929.0
1778443200000,0.2473,0.2485,0.2332,0.2377,31545805.0
1778446800000,0.2376,0.2402,0.2353,0.2379,11023739.0
1778450400000,0.2379,0.2454,0.2373,0.2444,11391238.0
1778454000000,0.2445,0.245,0.2401,0.2405,7148966.0
